user_code,full_name,email,phone,department,home_location,status
U00001,Isaac Bakshi,isaac.bakshi1@example.com,4332181960,Finance,Pune,active
U00002,Ayushman Chander,ayushman.chander2@example.com,3389083863,IT,Delhi,active
U00003,Saumya Mall,saumya.mall3@example.com,0265423511,IT,Bangalore,active
U00004,Lajita Chatterjee,lajita.chatterjee4@example.com,5594078161,Sales,Pune,active
U00005,Chaaya Pathak,chaaya.pathak5@example.com,9310341316,Procurement,Pune,active
U00006,Arunima Setty,arunima.setty6@example.com,5255341928,Finance,Kolkata,active
U00007,Yash Gade,yash.gade7@example.com,7648350305,Finance,Hyderabad,active
U00008,Nandini Loyal,nandini.loyal8@example.com,1395376724,IT,Bangalore,active
U00009,Liam Koshy,liam.koshy9@example.com,8849696532,Procurement,Hyderabad,active
U00010,Yashodhara Tak,yashodhara.tak10@example.com,1012269166,Sales,Bangalore,active
U00011,Upadhriti Wadhwa,upadhriti.wadhwa11@example.com,4801845146,IT,Kolkata,active
U00012,Nakul Setty,nakul.setty12@example.com,0482814893,Procurement,Ahmedabad,active
U00013,Michael Prakash,michael.prakash13@example.com,2880957015,Finance,Delhi,active
U00014,Damyanti Khatri,damyanti.khatri14@example.com,0391171822,Sales,Mumbai,active
U00015,Vaishnavi Gandhi,vaishnavi.gandhi15@example.com,4896383465,Operations,Kolkata,active
U00016,Raksha Varughese,raksha.varughese16@example.com,7133150983,IT,Delhi,active
U00017,Thomas Amble,thomas.amble17@example.com,1031051834,Operations,Bangalore,active
U00018,Vedika Kala,vedika.kala18@example.com,8299737631,Finance,Pune,active
U00019,Gunbir Sankar,gunbir.sankar19@example.com,5667010651,Finance,Kolkata,active
U00020,Yuvraj Handa,yuvraj.handa20@example.com,3872624731,Operations,Chennai,active
U00021,Saanvi Chaudhari,saanvi.chaudhari21@example.com,0801326773,Finance,Delhi,active
U00022,Nandini Bhargava,nandini.bhargava22@example.com,2606474687,Procurement,Ahmedabad,active
U00023,Mohammed Gupta,mohammed.gupta23@example.com,4309805009,HR,Pune,active
U00024,Vansha Thakkar,vansha.thakkar24@example.com,8208121913,Procurement,Pune,active
U00025,Netra Dar,netra.dar25@example.com,9399091699,Sales,Delhi,active
U00026,Diya Lal,diya.lal26@example.com,3534624751,Procurement,Chennai,active
U00027,Aditya Shanker,invalid-email,9911838425,Sales,Bangalore,active
U00028,Ekapad Konda,ekapad.konda28@example.com,5427849808,Finance,Pune,active
U00029,Chandani Chawla,chandani.chawla29@example.com,2411824493,Operations,Bangalore,active
U00030,Hemal Jani,hemal.jani30@example.com,4874016400,IT,Pune,active
U00031,Gauri De,gauri.de31@example.com,4278680112,HR,Pune,active
U00032,Balendra Pingle,balendra.pingle32@example.com,9826204505,HR,Delhi,active
U00033,Shivansh Krish,shivansh.krish33@example.com,1586923226,IT,Chennai,active
U00034,Aryan Gola,aryan.gola34@example.com,5634216073,Operations,Chennai,active
U00035,Ryan Sharma,ryan.sharma35@example.com,5433036541,Sales,Bangalore,active
U00036,Arya Panchal,arya.panchal36@example.com,8685014294,Sales,Delhi,active
U00037,Balvan Chopra,balvan.chopra37@example.com,9655698169,Procurement,Pune,active
U00038,Ranveer Kumar,ranveer.kumar38@example.com,0608835615,Procurement,Mumbai,active
U00039,Dipta Dash,dipta.dash39@example.com,4846564823,IT,Bangalore,active
U00040,Osha Raghavan,osha.raghavan40@example.com,2994680443,HR,Ahmedabad,active
U00041,Qushi Nagy,qushi.nagy41@example.com,7773872148,Sales,Delhi,active
U00042,Gautami Chander,gautami.chander42@example.com,3433200379,Sales,Bangalore,active
U00043,Elijah Shah,elijah.shah43@example.com,6936763201,Finance,Chennai,active
U00044,Pavani Kanda,pavani.kanda44@example.com,2870831727,Finance,Bangalore,active
U00045,Edhitha Savant,edhitha.savant45@example.com,9868727743,HR,Chennai,active
U00046,Aradhana Verma,aradhana.verma46@example.com,7347143455,Finance,Delhi,active
U00047,Faris Devi,faris.devi47@example.com,2362316658,Procurement,Bangalore,active
U00048,Unnati Sagar,unnati.sagar48@example.com,0366909670,IT,Chennai,active
U00049,Indira Misra,indira.misra49@example.com,6688937346,HR,Ahmedabad,active
U00050,Vedika Balakrishnan,vedika.balakrishnan50@example.com,6562729806,IT,Ahmedabad,active
U00051,Avi Chacko,avi.chacko51@example.com,6272046537,IT,Delhi,active
U00052,Eta Nazareth,eta.nazareth52@example.com,6464170805,Sales,Bangalore,active
U00053,Udarsh Biswas,udarsh.biswas53@example.com,0033092327,Sales,Delhi,active
U00054,Ishwar Kamdar,ishwar.kamdar54@example.com,7452991241,Procurement,Kolkata,active
U00055,Atharv Muni,atharv.muni55@example.com,9663193149,Operations,Kolkata,active
U00056,Jai Barman,jai.barman56@example.com,5865185067,IT,Bangalore,active
U00057,Hitesh Sant,hitesh.sant57@example.com,5726284987,Finance,Ahmedabad,active
U00058,Udyati Sarin,udyati.sarin58@example.com,9453147379,Finance,Hyderabad,active
U00059,Ladli Nayar,ladli.nayar59@example.com,0752735454,Sales,Mumbai,active
U00060,Anya Anne,anya.anne60@example.com,8313678377,Sales,Mumbai,active
U00061,Sara Badal,sara.badal61@example.com,1436349578,Procurement,Kolkata,active
U00062,Hemangini Sandal,hemangini.sandal62@example.com,8557444313,HR,Pune,active
U00063,Diya Dar,diya.dar63@example.com,8233749894,Procurement,Kolkata,active
U00064,Harish Hari,harish.hari64@example.com,4352408240,Procurement,Ahmedabad,active
U00065,Chatura Master,chatura.master65@example.com,2710947775,Procurement,Delhi,active
U00066,Qarin Behl,qarin.behl66@example.com,4711671902,Sales,Hyderabad,active
U00067,Manthan Modi,manthan.modi67@example.com,1318699938,Sales,Pune,active
U00068,Lajita Seshadri,lajita.seshadri68@example.com,7496499091,Sales,Delhi,active
U00069,Sarthak Kakar,sarthak.kakar69@example.com,4123281206,Finance,Chennai,active
U00070,Shravya Singhal,shravya.singhal70@example.com,4034471349,HR,Delhi,active
U00071,Rudra Sandal,rudra.sandal71@example.com,1832421024,HR,Mumbai,active
U00072,Bhavya Sarna,bhavya.sarna72@example.com,1746488771,Sales,Hyderabad,active
U00073,Balveer Sankaran,balveer.sankaran73@example.com,5940139904,Procurement,Delhi,active
U00074,Banjeet Gill,banjeet.gill74@example.com,7874296717,Procurement,Mumbai,active
U00075,Ijaya Rege,ijaya.rege75@example.com,5512567468,Sales,Pune,active
U00076,Balhaar Sha,balhaar.sha76@example.com,1545168087,Sales,Delhi,active
U00077,Odika Bhagat,odika.bhagat77@example.com,3859770348,IT,Bangalore,active
U00078,Karan Mani,karan.mani78@example.com,7710932480,IT,Chennai,active
U00079,Nikita Chander,nikita.chander79@example.com,3171274846,Procurement,Hyderabad,active
U00080,Vasudha Sodhi,vasudha.sodhi80@example.com,3782639821,HR,Chennai,active
U00081,Anya Sachdeva,anya.sachdeva81@example.com,5840449972,Finance,Hyderabad,active
U00082,Sanya Yohannan,sanya.yohannan82@example.com,7558867533,Operations,Chennai,active
U00083,Leela Kaur,leela.kaur83@example.com,6057662702,Finance,Bangalore,active
U00084,Yadavi Narula,yadavi.narula84@example.com,1718702621,Procurement,Bangalore,active
U00085,Upasna Lanka,upasna.lanka85@example.com,5961586578,Finance,Pune,active
U00086,Balendra Biswas,balendra.biswas86@example.com,3431611724,Finance,Ahmedabad,active
U00087,Ayush Batra,ayush.batra87@example.com,5045562386,IT,Mumbai,active
U00088,Pranit Garde,pranit.garde88@example.com,2196937923,Procurement,Ahmedabad,active
U00089,Triya Kumar,triya.kumar89@example.com,7407482175,Operations,Mumbai,active
U00090,Chandani Samra,chandani.samra90@example.com,4743671369,IT,Kolkata,active
U00091,Jagrati Merchant,jagrati.merchant91@example.com,4064090974,Sales,Bangalore,active
U00092,Victor Pandey,victor.pandey92@example.com,3394210470,HR,Delhi,active
U00093,Janya Deep,janya.deep93@example.com,1456232858,HR,Chennai,active
U00094,Yachana Mahajan,yachana.mahajan94@example.com,2474517123,Finance,Ahmedabad,active
U00095,Mekhala Pau,mekhala.pau95@example.com,1604817549,IT,Bangalore,active
U00096,Lakshmi Prabhu,lakshmi.prabhu96@example.com,1370985931,Operations,Pune,active
U00097,Ucchal Mittal,ucchal.mittal97@example.com,6120047113,Procurement,Hyderabad,active
U00098,Krishna Rama,krishna.rama98@example.com,7586926179,Procurement,Bangalore,active
U00099,Nikita Mammen,nikita.mammen99@example.com,0537735158,Finance,Bangalore,active
U00100,Jagrati Bhat,jagrati.bhat100@example.com,6431713900,Sales,Pune,active
U00101,Gauri Kohli,gauri.kohli101@example.com,2931839335,IT,Hyderabad,active
U00102,Manbir Agate,manbir.agate102@example.com,4228421020,Finance,Pune,active
U00103,Ishita Khanna,ishita.khanna103@example.com,9502402681,Finance,Chennai,active
U00104,Devansh Soni,devansh.soni104@example.com,7589178390,Operations,Bangalore,active
U00105,Charvi Shanker,charvi.shanker105@example.com,0076617711,IT,Ahmedabad,active
U00106,Ekanta Divan,ekanta.divan106@example.com,1249985698,Sales,Mumbai,active
U00107,Chaitaly Setty,chaitaly.setty107@example.com,8961183673,IT,Ahmedabad,active
U00108,Odika Nori,odika.nori108@example.com,7661565452,HR,Ahmedabad,active
U00109,Urvi Bhavsar,urvi.bhavsar109@example.com,1116152809,Finance,Bangalore,active
U00110,Forum Das,forum.das110@example.com,6560494519,Sales,Pune,active
U00111,Yashica Kala,yashica.kala111@example.com,2731585149,Operations,Kolkata,active
U00112,Upkaar Sanghvi,upkaar.sanghvi112@example.com,8998094024,HR,Kolkata,active
U00113,Dayamai Nori,dayamai.nori113@example.com,5022961201,Sales,Ahmedabad,active
U00114,Tanveer Puri,tanveer.puri114@example.com,6752545991,Sales,Hyderabad,active
U00115,Charles Dugal,charles.dugal115@example.com,2901476797,Finance,Pune,active
U00116,Oeshi Mahajan,oeshi.mahajan116@example.com,3815614978,Sales,Kolkata,active
U00117,Darika Bath,darika.bath117@example.com,3690034324,Finance,Chennai,active
U00118,Bimala Narang,bimala.narang118@example.com,1076226838,IT,Bangalore,active
U00119,Irya Bora,irya.bora119@example.com,6060715969,Procurement,Bangalore,active
U00120,Nidhi Sahni,nidhi.sahni120@example.com,4160529751,IT,Ahmedabad,active
U00121,Rajeshri Cherian,rajeshri.cherian121@example.com,3696816453,IT,Kolkata,active
U00122,Gauri Ganguly,gauri.ganguly122@example.com,1818835523,HR,Delhi,active
U00123,Harshil Dhingra,harshil.dhingra123@example.com,4329212779,Finance,Bangalore,active
U00124,Saumya Naidu,saumya.naidu124@example.com,5271774490,Procurement,Ahmedabad,active
U00125,Indira Tripathi,indira.tripathi125@example.com,1477005411,Finance,Pune,active
U00126,Yashica Rajagopalan,yashica.rajagopalan126@example.com,7980793597,Finance,Hyderabad,active
U00127,Yachana Dora,yachana.dora127@example.com,0715182037,IT,Bangalore,active
U00128,Reva Viswanathan,reva.viswanathan128@example.com,8925546659,HR,Kolkata,active
U00129,Charles Natt,charles.natt129@example.com,1518644925,IT,Ahmedabad,active
U00130,Finn Dhaliwal,finn.dhaliwal130@example.com,5462914865,Finance,Kolkata,active
U00131,Joshua Vyas,joshua.vyas131@example.com,1685054235,HR,Mumbai,active
U00132,Vedika Handa,vedika.handa132@example.com,3221418880,HR,Hyderabad,active
U00133,Gayathri Deep,gayathri.deep133@example.com,9622292706,HR,Delhi,active
U00134,Janya Khanna,janya.khanna134@example.com,7947383473,HR,Delhi,active
U00135,Jhalak Sastry,jhalak.sastry135@example.com,7468862392,IT,Ahmedabad,active
U00136,Zashil Ben,zashil.ben136@example.com,7581814124,Operations,Bangalore,active
U00137,Shivani Varghese,shivani.varghese137@example.com,2613750606,Finance,Bangalore,active
U00138,Yadavi Prakash,yadavi.prakash138@example.com,3615305152,Sales,Hyderabad,active
U00139,Laksh Barad,laksh.barad139@example.com,4727790104,Finance,Chennai,active
U00140,Tanveer Doctor,tanveer.doctor140@example.com,8986143410,Procurement,Hyderabad,active
U00141,William Saini,william.saini141@example.com,9711798089,Procurement,Ahmedabad,active
U00142,Wyatt Dhawan,wyatt.dhawan142@example.com,4609539621,Finance,Mumbai,active
U00143,Jalsa Bir,jalsa.bir143@example.com,8888806706,IT,Pune,active
U00144,Kashvi Kulkarni,kashvi.kulkarni144@example.com,0515319520,Procurement,Pune,active
U00145,Indira Nigam,indira.nigam145@example.com,2772217043,Sales,Pune,active
U00146,Caleb Iyengar,caleb.iyengar146@example.com,0548687403,HR,Bangalore,active
U00147,Bhavika Parikh,bhavika.parikh147@example.com,0541566765,Procurement,Pune,active
U00148,Rachit Taneja,rachit.taneja148@example.com,7584161692,Procurement,Bangalore,active
U00149,Chaaya Nagi,chaaya.nagi149@example.com,1154479627,Procurement,Hyderabad,active
U00150,Indali Sekhon,indali.sekhon150@example.com,0596401658,HR,Pune,active
U00151,Nathaniel Balasubramanian,nathaniel.balasubramanian151@example.com,2970213556,Operations,Chennai,active
U00152,Bachittar Dube,bachittar.dube152@example.com,7557192856,Sales,Bangalore,active
U00153,Dipta Mallick,dipta.mallick153@example.com,3102786814,IT,Chennai,active
U00154,Abha Sehgal,abha.sehgal154@example.com,3947312172,HR,Delhi,active
U00155,Sai Chahal,sai.chahal155@example.com,5518844225,Sales,Mumbai,active
U00156,Yashoda Kapur,yashoda.kapur156@example.com,1323705895,HR,Delhi,active
U00157,Unni Dayal,unni.dayal157@example.com,9114678669,Finance,Chennai,active
U00158,Ethan Dass,ethan.dass158@example.com,5177852892,HR,Hyderabad,active
U00159,Kai Sant,kai.sant159@example.com,8018242253,Finance,Pune,active
U00160,Hiral Venkataraman,hiral.venkataraman160@example.com,4143842498,Procurement,Bangalore,active
U00161,Girik Thakkar,girik.thakkar161@example.com,2992299590,IT,Delhi,active
U00162,Ayush Bumb,ayush.bumb162@example.com,0943969078,Finance,Chennai,active
U00163,Bimala Mittal,bimala.mittal163@example.com,7364710276,Operations,Bangalore,active
U00164,Veda Shetty,veda.shetty164@example.com,3592555625,IT,Delhi,active
U00165,Yutika Cherian,yutika.cherian165@example.com,5371473210,Procurement,Ahmedabad,active
U00166,Bina Rajagopalan,bina.rajagopalan166@example.com,9632595327,Procurement,Delhi,active
U00167,Yutika Sibal,yutika.sibal167@example.com,7470168733,Sales,Hyderabad,active
U00168,Ira Bava,ira.bava168@example.com,0479748016,Sales,Delhi,active
U00169,Krish Lalla,krish.lalla169@example.com,5650609835,IT,Pune,active
U00170,Bhavya Borah,bhavya.borah170@example.com,6878499121,Finance,Delhi,active
U00171,Meera Prakash,meera.prakash171@example.com,5852398680,Sales,Pune,active
U00172,Chakradev Barad,chakradev.barad172@example.com,2578729825,Operations,Mumbai,active
U00173,Eiravati Gaba,eiravati.gaba173@example.com,6949588879,Procurement,Delhi,active
U00174,Chandani Soman,chandani.soman174@example.com,0551694097,Sales,Bangalore,active
U00175,Alka Kari,alka.kari175@example.com,0972896230,IT,Chennai,active
U00176,Imaran Halder,imaran.halder176@example.com,0756263689,Procurement,Delhi,active
U00177,Urishilla Bhatia,urishilla.bhatia177@example.com,2838578652,Operations,Ahmedabad,active
U00178,Tripti Walia,tripti.walia178@example.com,5854973348,Finance,Hyderabad,active
U00179,Chanchal Kar,chanchal.kar179@example.com,4437575844,Operations,Kolkata,active
U00180,Jairaj Raghavan,jairaj.raghavan180@example.com,6524041574,Finance,Hyderabad,active
U00181,Varenya Kala,varenya.kala181@example.com,3848421993,IT,Chennai,active
U00182,Xavier Bedi,xavier.bedi182@example.com,8330165712,IT,Delhi,active
U00183,Abdul Dugar,abdul.dugar183@example.com,6773454019,Procurement,Ahmedabad,active
U00184,Vincent Warrior,vincent.warrior184@example.com,0262067240,Procurement,Kolkata,active
U00185,Aditya Misra,aditya.misra185@example.com,9915478872,Finance,Hyderabad,active
U00186,Yamini Sidhu,yamini.sidhu186@example.com,4315274205,Sales,Pune,active
U00187,Chakrika Hans,chakrika.hans187@example.com,2966851612,Procurement,Mumbai,active
U00188,Logan Sood,logan.sood188@example.com,5304637454,Operations,Hyderabad,active
U00189,Advay Lal,advay.lal189@example.com,5301742684,HR,Mumbai,active
U00190,Jacob Merchant,jacob.merchant190@example.com,5933272795,Finance,Mumbai,active
U00191,Ojasvi Sinha,ojasvi.sinha191@example.com,8339187851,Operations,Delhi,active
U00192,Isaac Bhatia,invalid-email,8839822587,Operations,Hyderabad,active
U00193,Jackson Jha,jackson.jha193@example.com,9718707286,Sales,Bangalore,active
U00194,Tanmayi Bhardwaj,tanmayi.bhardwaj194@example.com,8740640391,Sales,Bangalore,active
U00195,Chakradev Sampath,chakradev.sampath195@example.com,5180170462,Operations,Pune,active
U00196,Krishna Salvi,krishna.salvi196@example.com,5676618251,Procurement,Kolkata,active
U00197,Pranav Yogi,pranav.yogi197@example.com,6823004786,IT,Mumbai,active
U00198,Ladli Karpe,ladli.karpe198@example.com,3752431069,IT,Mumbai,active
U00199,Amol Khosla,amol.khosla199@example.com,3119079030,Finance,Kolkata,active
U00200,Neelima Sarna,neelima.sarna200@example.com,3830284395,Sales,Mumbai,active
U00201,Ekani Khalsa,ekani.khalsa201@example.com,4283644089,HR,Chennai,active
U00202,Parth Sane,parth.sane202@example.com,8705685662,Operations,Bangalore,active
U00203,Charita Puri,charita.puri203@example.com,2873342708,Sales,Mumbai,active
U00204,Nitara Saha,nitara.saha204@example.com,8826343517,HR,Pune,active
U00205,Kamala Chanda,kamala.chanda205@example.com,8304699013,HR,Hyderabad,active
U00206,Teerth Srinivas,teerth.srinivas206@example.com,3540331739,IT,Bangalore,active
U00207,Samarth Ranganathan,samarth.ranganathan207@example.com,3854678544,Operations,Ahmedabad,active
U00208,Jagvi Varghese,jagvi.varghese208@example.com,7717535560,IT,Delhi,active
U00209,Timothy Dhingra,timothy.dhingra209@example.com,0489964235,Finance,Bangalore,active
U00210,Victor Raghavan,victor.raghavan210@example.com,9378547772,HR,Bangalore,active
U00211,Indira Gara,indira.gara211@example.com,2872808010,Operations,Chennai,active
U00212,Abeer Sachar,abeer.sachar212@example.com,2312038750,Operations,Pune,active
U00213,Vasudha Sura,vasudha.sura213@example.com,0088600848,Sales,Chennai,active
U00214,Bhavini Badal,bhavini.badal214@example.com,8621182339,Sales,Kolkata,active
U00215,Zayyan Pandya,zayyan.pandya215@example.com,4615679334,Finance,Chennai,active
U00216,Faris Balay,faris.balay216@example.com,1666870021,Operations,Pune,active
U00217,Xalak Saraf,xalak.saraf217@example.com,5918033974,Procurement,Mumbai,active
U00218,Chakradhar Borde,chakradhar.borde218@example.com,4890250392,Finance,Delhi,active
U00219,Mitali Bose,mitali.bose219@example.com,4293968562,Procurement,Pune,active
U00220,Farhan Tella,farhan.tella220@example.com,5016315999,Operations,Kolkata,active
U00221,Mekhala Narain,mekhala.narain221@example.com,0477358662,HR,Chennai,active
U00222,Lajita Chada,lajita.chada222@example.com,9431142626,HR,Pune,active
U00223,Edhitha Patel,edhitha.patel223@example.com,1104754121,Operations,Bangalore,active
U00224,Rachit Sankar,rachit.sankar224@example.com,7888610158,Sales,Hyderabad,active
U00225,Girik Nair,girik.nair225@example.com,6046618398,Finance,Kolkata,active
U00226,Omkaar Rai,omkaar.rai226@example.com,2244472126,Operations,Bangalore,active
U00227,Anya Sama,anya.sama227@example.com,4715437993,Finance,Kolkata,active
U00228,Tanvi Chhabra,tanvi.chhabra228@example.com,2406596575,Procurement,Chennai,active
U00229,Qushi Deshpande,qushi.deshpande229@example.com,4593752654,Sales,Chennai,active
U00230,Vritti Kibe,vritti.kibe230@example.com,5646519398,Sales,Pune,active
U00231,Pranit Bala,pranit.bala231@example.com,7374167243,Procurement,Delhi,active
U00232,Zayyan Dube,zayyan.dube232@example.com,6617979688,Sales,Delhi,active
U00233,Omya Bansal,omya.bansal233@example.com,5891135290,Operations,Kolkata,active
U00234,Mugdha Narula,mugdha.narula234@example.com,6101438889,Sales,Kolkata,active
U00235,Timothy Sehgal,timothy.sehgal235@example.com,5679825071,Procurement,Delhi,active
U00236,Chakrika Sagar,chakrika.sagar236@example.com,1125457387,IT,Mumbai,active
U00237,Ijaya Soni,ijaya.soni237@example.com,1775140105,Sales,Kolkata,active
U00238,Ikbal Gala,ikbal.gala238@example.com,3828258673,Sales,Kolkata,active
U00239,Nidhi Gour,nidhi.gour239@example.com,2660937966,Procurement,Mumbai,active
U00240,Aayush Kala,aayush.kala240@example.com,3419182553,HR,Delhi,active
U00241,Tanvi Comar,tanvi.comar241@example.com,4785969691,Operations,Hyderabad,active
U00242,Ijaya Pandey,ijaya.pandey242@example.com,7924991251,IT,Delhi,active
U00243,William Mody,william.mody243@example.com,1252866929,Procurement,Kolkata,active
U00244,Leela Sampath,leela.sampath244@example.com,2782827422,HR,Chennai,active
U00245,Divya Seshadri,divya.seshadri245@example.com,9050723688,HR,Ahmedabad,active
U00246,Warda Rege,warda.rege246@example.com,7677219034,Procurement,Bangalore,active
U00247,Bachittar Maharaj,bachittar.maharaj247@example.com,3842797881,Sales,Ahmedabad,active
U00248,Ishaan Loyal,ishaan.loyal248@example.com,8580783613,Sales,Mumbai,active
U00249,Chameli Bali,chameli.bali249@example.com,7451713395,Operations,Pune,active
U00250,Priya Gandhi,priya.gandhi250@example.com,9233095849,Finance,Chennai,active
U00251,Om Naik,om.naik251@example.com,4494812604,Sales,Bangalore,active
U00252,Jonathan Deo,jonathan.deo252@example.com,3253672946,IT,Delhi,active
U00253,Keya Seth,keya.seth253@example.com,1168457759,IT,Bangalore,active
U00254,Aarnav Chander,aarnav.chander254@example.com,7518636374,Finance,Hyderabad,active
U00255,Ekantika Mander,ekantika.mander255@example.com,5892975001,HR,Bangalore,active
U00256,Tripti Babu,tripti.babu256@example.com,1277063242,HR,Pune,active
U00257,Anusha Chander,anusha.chander257@example.com,5415206436,Sales,Kolkata,active
U00258,Gavin Chandran,gavin.chandran258@example.com,0371293870,Sales,Bangalore,active
U00259,Abhiram Oza,abhiram.oza259@example.com,1627136111,HR,Kolkata,active
U00260,Dhriti Pillai,dhriti.pillai260@example.com,4262218909,IT,Kolkata,active
U00261,Nitesh Sarraf,nitesh.sarraf261@example.com,5326973112,Sales,Mumbai,active
U00262,Jatin Rajagopalan,jatin.rajagopalan262@example.com,5652341389,Finance,Hyderabad,active
U00263,Bhavani Bala,bhavani.bala263@example.com,4389836403,IT,Kolkata,active
U00264,Warda Raju,warda.raju264@example.com,1379180552,Sales,Mumbai,active
U00265,Lila Salvi,lila.salvi265@example.com,5827109104,Finance,Ahmedabad,active
U00266,Tanveer Baral,tanveer.baral266@example.com,0684866618,Finance,Bangalore,active
U00267,Michael Mall,michael.mall267@example.com,1418328569,IT,Ahmedabad,active
U00268,Dominic Mukherjee,dominic.mukherjee268@example.com,6303161799,Sales,Ahmedabad,active
U00269,Christopher More,christopher.more269@example.com,2102027588,HR,Chennai,active
U00270,Aashi Ganesan,aashi.ganesan270@example.com,5241056481,Procurement,Kolkata,active
U00271,Adya Bose,adya.bose271@example.com,7785079252,IT,Ahmedabad,active
U00272,Aadhya Chauhan,aadhya.chauhan272@example.com,9138000307,HR,Ahmedabad,active
U00273,Januja Rajagopal,januja.rajagopal273@example.com,2208635365,IT,Delhi,active
U00274,Anika Brahmbhatt,anika.brahmbhatt274@example.com,9518023806,Procurement,Delhi,active
U00275,Ekapad Shroff,ekapad.shroff275@example.com,4451870534,Sales,Ahmedabad,active
U00276,Daksha Kibe,daksha.kibe276@example.com,7597383206,Operations,Bangalore,active
U00277,Arjun Kaul,arjun.kaul277@example.com,8505064138,Finance,Ahmedabad,active
U00278,Wazir Saini,wazir.saini278@example.com,,IT,Delhi,active
U00279,Tara Chad,tara.chad279@example.com,9182619906,Operations,Delhi,active
U00280,Kalpit Khalsa,kalpit.khalsa280@example.com,4456557431,Procurement,Chennai,active
U00281,Samaksh Deshpande,samaksh.deshpande281@example.com,9121277561,IT,Pune,active
U00282,Ishita Johal,ishita.johal282@example.com,7474112490,IT,Mumbai,active
U00283,Tanveer Narang,tanveer.narang283@example.com,2135680442,Sales,Kolkata,active
U00284,Azaan Ravel,azaan.ravel284@example.com,7883171210,Sales,Mumbai,active
U00285,David Kapadia,david.kapadia285@example.com,2365199410,Finance,Bangalore,active
U00286,Dhruv Hora,dhruv.hora286@example.com,,HR,Kolkata,active
U00287,Rachita Rana,rachita.rana287@example.com,7066253244,Procurement,Chennai,active
U00288,Sanaya Dixit,sanaya.dixit288@example.com,0999347687,HR,Ahmedabad,active
U00289,Darsh Chahal,darsh.chahal289@example.com,4626383806,IT,Hyderabad,active
U00290,Jagrati Srinivasan,jagrati.srinivasan290@example.com,8759856420,HR,Kolkata,active
U00291,Eiravati Kanda,eiravati.kanda291@example.com,0407859321,Procurement,Hyderabad,active
U00292,Yug Khosla,yug.khosla292@example.com,4803965223,HR,Kolkata,active
U00293,Eesha Parmer,eesha.parmer293@example.com,9059929378,Operations,Hyderabad,active
U00294,Dayamai Gill,dayamai.gill294@example.com,7010393087,HR,Delhi,active
U00295,Aadi Narula,aadi.narula295@example.com,9325250029,Procurement,Kolkata,active
U00296,Lucky Choudhry,lucky.choudhry296@example.com,8515691545,HR,Bangalore,active
U00297,Laban Dugar,laban.dugar297@example.com,6752895392,Operations,Bangalore,active
U00298,Kritika Mohanty,kritika.mohanty298@example.com,4220969029,HR,Kolkata,active
U00299,Eesha Kant,eesha.kant299@example.com,9172513552,HR,Hyderabad,active
U00300,Gaurang Nayak,gaurang.nayak300@example.com,7043315410,Sales,Chennai,active
U00301,Chanakya Raju,chanakya.raju301@example.com,7626765861,Sales,Kolkata,active
U00302,Varenya Kar,varenya.kar302@example.com,2710405411,HR,Mumbai,active
U00303,Hema Garde,hema.garde303@example.com,6218159970,Procurement,Mumbai,active
U00304,Raagini Gala,raagini.gala304@example.com,9620153368,HR,Hyderabad,active
U00305,Alka Manda,alka.manda305@example.com,4310698720,Finance,Hyderabad,active
U00306,Jalsa Aggarwal,jalsa.aggarwal306@example.com,6149731032,IT,Kolkata,active
U00307,Bishakha Bumb,bishakha.bumb307@example.com,7146774186,IT,Ahmedabad,active
U00308,Qasim Prabhakar,qasim.prabhakar308@example.com,6527047743,Operations,Hyderabad,active
U00309,Amruta Bhatia,amruta.bhatia309@example.com,2115869380,Operations,Kolkata,active
U00310,Lila Virk,lila.virk310@example.com,6879374160,HR,Bangalore,active
U00311,Yadavi Varughese,yadavi.varughese311@example.com,9921722332,Operations,Chennai,active
U00312,Brijesh Sampath,brijesh.sampath312@example.com,1632945116,Operations,Kolkata,active
U00313,Mekhala Nanda,mekhala.nanda313@example.com,4870998616,Operations,Kolkata,active
U00314,Mason Divan,mason.divan314@example.com,9991191485,HR,Pune,active
U00315,Nirja Lalla,nirja.lalla315@example.com,6799702462,Sales,Hyderabad,active
U00316,Neelima Barad,neelima.barad316@example.com,6530745054,Operations,Hyderabad,active
U00317,Deepa Mand,deepa.mand317@example.com,7132475469,Sales,Bangalore,active
U00318,Gaurav Guha,gaurav.guha318@example.com,7367850821,Sales,Pune,active
U00319,Deepa Toor,deepa.toor319@example.com,6289023303,Finance,Hyderabad,active
U00320,Bachittar Shan,bachittar.shan320@example.com,0534578610,IT,Bangalore,active
U00321,Wyatt Pradhan,wyatt.pradhan321@example.com,7972798552,Procurement,Hyderabad,active
U00322,Aarna Chana,aarna.chana322@example.com,4060293333,IT,Mumbai,active
U00323,Amruta Rout,amruta.rout323@example.com,8007229034,HR,Mumbai,active
U00324,Dalaja Maharaj,dalaja.maharaj324@example.com,6657437489,Procurement,Pune,active
U00325,Mekhala Chaudry,mekhala.chaudry325@example.com,0858994417,HR,Bangalore,active
U00326,Devansh Nayar,devansh.nayar326@example.com,4544432830,Operations,Delhi,active
U00327,Netra Nagarajan,netra.nagarajan327@example.com,2074466609,Procurement,Mumbai,active
U00328,Ranveer Oza,ranveer.oza328@example.com,3875842824,IT,Pune,active
U00329,Gunbir Sinha,gunbir.sinha329@example.com,2482513534,Finance,Delhi,active
U00330,Osha Narula,osha.narula330@example.com,5494717099,Operations,Hyderabad,active
U00331,Ekavir Sodhi,ekavir.sodhi331@example.com,3816846022,HR,Kolkata,active
U00332,Sai Oommen,sai.oommen332@example.com,6972521752,Finance,Bangalore,active
U00333,Dhriti Bhardwaj,dhriti.bhardwaj333@example.com,0743292712,Finance,Bangalore,active
U00334,Radha Sanghvi,radha.sanghvi334@example.com,6676008350,Sales,Delhi,active
U00335,Ekanta Wali,ekanta.wali335@example.com,3003354216,Procurement,Pune,active
U00336,Yahvi Mohan,yahvi.mohan336@example.com,2104478985,Operations,Hyderabad,active
U00337,Radha Desai,radha.desai337@example.com,,Sales,Kolkata,active
U00338,Siddharth Bains,siddharth.bains338@example.com,9821506489,Finance,Chennai,active
U00339,Chanakya Bava,chanakya.bava339@example.com,1001676184,Finance,Chennai,active
U00340,Urvi Dua,urvi.dua340@example.com,3046184992,HR,Kolkata,active
U00341,Omya Cheema,omya.cheema341@example.com,8914117393,HR,Pune,active
U00342,Adya Virk,adya.virk342@example.com,3564208737,Sales,Chennai,active
U00343,Ganga Keer,ganga.keer343@example.com,0011972181,Sales,Ahmedabad,active
U00344,Harrison Kunda,harrison.kunda344@example.com,3744701204,HR,Mumbai,active
U00345,Jagvi Munshi,jagvi.munshi345@example.com,6110022557,Sales,Mumbai,active
U00346,Amrita Chander,amrita.chander346@example.com,5521667467,Procurement,Delhi,active
U00347,Oviya Ganesan,oviya.ganesan347@example.com,1202169797,HR,Ahmedabad,active
U00348,Pratyush Raghavan,pratyush.raghavan348@example.com,5902771670,Sales,Kolkata,active
U00349,Dev Lal,dev.lal349@example.com,5089935889,Operations,Delhi,active
U00350,Girish Sant,girish.sant350@example.com,3756289002,Finance,Bangalore,active
U00351,Yashasvi Singh,yashasvi.singh351@example.com,7217535408,HR,Delhi,active
U00352,Udant Radhakrishnan,udant.radhakrishnan352@example.com,6317797177,HR,Bangalore,active
U00353,Diya Dani,diya.dani353@example.com,7016608801,Operations,Kolkata,active
U00354,Daksha Trivedi,daksha.trivedi354@example.com,8375503758,HR,Hyderabad,active
U00355,Urvashi Patla,urvashi.patla355@example.com,7113055488,IT,Chennai,active
U00356,Kashvi Cherian,kashvi.cherian356@example.com,0272614933,IT,Ahmedabad,active
U00357,Jai Ramaswamy,jai.ramaswamy357@example.com,3735160917,Operations,Chennai,active
U00358,Tanvi Thaman,tanvi.thaman358@example.com,2708086978,Operations,Chennai,active
U00359,Peter Ghose,peter.ghose359@example.com,2169958669,Procurement,Delhi,active
U00360,Yuvraj Mahal,yuvraj.mahal360@example.com,6547226984,Procurement,Hyderabad,active
U00361,Dipta Kalla,dipta.kalla361@example.com,3394522885,Finance,Bangalore,active
U00362,Jack Pandey,jack.pandey362@example.com,8799684608,Sales,Bangalore,active
U00363,Hredhaan Bakshi,hredhaan.bakshi363@example.com,6200342442,HR,Kolkata,active
U00364,David Merchant,david.merchant364@example.com,3805719838,Sales,Bangalore,active
U00365,Lopa Khanna,lopa.khanna365@example.com,8406665800,Sales,Ahmedabad,active
U00366,Zayan Jain,zayan.jain366@example.com,9735989334,HR,Ahmedabad,active
U00367,Saumya Goel,saumya.goel367@example.com,1228160648,Finance,Hyderabad,active
U00368,Aishani De,aishani.de368@example.com,2940572025,IT,Delhi,active
U00369,Charan Mitra,charan.mitra369@example.com,7985158328,Sales,Kolkata,active
U00370,Ekansh Tiwari,ekansh.tiwari370@example.com,2688615335,Operations,Bangalore,active
U00371,Garima Patel,garima.patel371@example.com,4398780157,HR,Chennai,active
U00372,Wridesh Kohli,wridesh.kohli372@example.com,0561648408,HR,Chennai,active
U00373,Kavya Varkey,kavya.varkey373@example.com,8770435811,Operations,Chennai,active
U00374,Oliver Yogi,oliver.yogi374@example.com,8013361386,Operations,Ahmedabad,active
U00375,Ekbal Dube,ekbal.dube375@example.com,0750110248,Operations,Delhi,active
U00376,Ekavir Kari,ekavir.kari376@example.com,4667665061,Finance,Bangalore,active
U00377,Abeer Bhatnagar,abeer.bhatnagar377@example.com,9015814491,Operations,Bangalore,active
U00378,Baghyawati Sarma,baghyawati.sarma378@example.com,6607283268,Sales,Pune,active
U00379,Chakrika Dhawan,chakrika.dhawan379@example.com,4508821009,IT,Mumbai,active
U00380,Meera Yogi,meera.yogi380@example.com,8143536822,Sales,Bangalore,active
U00381,Qarin Kant,qarin.kant381@example.com,9431290878,Operations,Ahmedabad,active
U00382,Elijah Mannan,elijah.mannan382@example.com,1413975523,Finance,Delhi,active
U00383,Harish Mane,harish.mane383@example.com,9135775949,Operations,Bangalore,active
U00384,Michael Patla,michael.patla384@example.com,5620533645,Operations,Bangalore,active
U00385,Krish Narula,krish.narula385@example.com,7775478129,Operations,Mumbai,active
U00386,Finn Mand,finn.mand386@example.com,2834110809,Sales,Hyderabad,active
U00387,Nidhi Kala,nidhi.kala387@example.com,0848872563,Operations,Mumbai,active
U00388,Bina Desai,bina.desai388@example.com,7881658039,Finance,Hyderabad,active
U00389,Noah Varkey,noah.varkey389@example.com,2722992750,Sales,Delhi,active
U00390,Theodore Sura,theodore.sura390@example.com,3145303856,Sales,Mumbai,active
U00391,Upasna Sha,upasna.sha391@example.com,0051844989,Finance,Ahmedabad,active
U00392,Owen Puri,owen.puri392@example.com,6591846386,Procurement,Hyderabad,active
U00393,Ira Pai,ira.pai393@example.com,7790827231,HR,Delhi,active
U00394,Yoshita Mand,yoshita.mand394@example.com,3222591365,HR,Ahmedabad,active
U00395,Ishaan Subramaniam,ishaan.subramaniam395@example.com,7739260302,IT,Chennai,active
U00396,Naveen Desai,naveen.desai396@example.com,8092024286,Operations,Hyderabad,active
U00397,Anirudh Mander,anirudh.mander397@example.com,1379772369,Finance,Ahmedabad,active
U00398,Luke Gopal,luke.gopal398@example.com,9842579913,HR,Pune,active
U00399,Kritika Rajan,kritika.rajan399@example.com,2103886291,Finance,Ahmedabad,active
U00400,Peter Soni,peter.soni400@example.com,9908811729,IT,Hyderabad,active
U00401,Aarav Sankar,aarav.sankar401@example.com,8650863765,Procurement,Mumbai,active
U00402,Guneet Sandal,guneet.sandal402@example.com,2473149864,Finance,Delhi,active
U00403,Ranbir Ahluwalia,ranbir.ahluwalia403@example.com,0981806356,Finance,Bangalore,active
U00404,Janaki Chhabra,janaki.chhabra404@example.com,2694486959,Procurement,Kolkata,active
U00405,Anya Ranganathan,anya.ranganathan405@example.com,3688725887,Procurement,Bangalore,active
U00406,Zehaan Mohanty,zehaan.mohanty406@example.com,9562137213,HR,Kolkata,active
U00407,Yashoda Rattan,yashoda.rattan407@example.com,5890260127,Operations,Ahmedabad,active
U00408,Radhika Chakrabarti,radhika.chakrabarti408@example.com,1435190669,Operations,Kolkata,active
U00409,Bhavini Bhandari,bhavini.bhandari409@example.com,2770384309,Procurement,Hyderabad,active
U00410,Yashvi Varty,yashvi.varty410@example.com,3920530214,IT,Pune,active
U00411,Mugdha Pandit,mugdha.pandit411@example.com,6693801184,Operations,Bangalore,active
U00412,Ijaya Palan,ijaya.palan412@example.com,4393769042,IT,Pune,active
U00413,Niharika Toor,niharika.toor413@example.com,1818451848,IT,Bangalore,active
U00414,Zashil Savant,zashil.savant414@example.com,6973577907,IT,Pune,active
U00415,Jackson Kuruvilla,jackson.kuruvilla415@example.com,1633565880,HR,Hyderabad,active
U00416,Adya Kothari,adya.kothari416@example.com,4165182755,Sales,Ahmedabad,active
U00417,Tejas Luthra,tejas.luthra417@example.com,2373334333,Operations,Ahmedabad,active
U00418,Zaid Parekh,zaid.parekh418@example.com,2111790807,IT,Hyderabad,active
U00419,Kamya Murty,kamya.murty419@example.com,7947284639,Sales,Delhi,active
U00420,Kabir Bhagat,kabir.bhagat420@example.com,8678085627,Sales,Delhi,active
U00421,Jai Vasa,jai.vasa421@example.com,7500369155,Finance,Ahmedabad,active
U00422,Aashi Grover,aashi.grover422@example.com,8434795527,Operations,Bangalore,active
U00423,Panini Kade,panini.kade423@example.com,6556472929,HR,Bangalore,active
U00424,Veer Chaudhry,veer.chaudhry424@example.com,4386632270,Procurement,Pune,active
U00425,Patrick Sama,patrick.sama425@example.com,7288574489,Sales,Bangalore,active
U00426,Champak Rao,champak.rao426@example.com,1203471754,Operations,Mumbai,active
U00427,Jalsa Parsa,jalsa.parsa427@example.com,8845061593,Finance,Mumbai,active
U00428,Owen Mane,owen.mane428@example.com,5587716947,IT,Hyderabad,active
U00429,Maanav Ganesh,maanav.ganesh429@example.com,5699611253,Procurement,Delhi,active
U00430,Dipta Nadig,dipta.nadig430@example.com,4496475987,HR,Delhi,active
U00431,Odika Ganesh,odika.ganesh431@example.com,2023413261,HR,Pune,active
U00432,Girish Bhatt,girish.bhatt432@example.com,7800681149,Sales,Delhi,active
U00433,Nachiket Chad,nachiket.chad433@example.com,6433472282,Operations,Kolkata,active
U00434,Ayush Banerjee,ayush.banerjee434@example.com,5577848728,HR,Ahmedabad,active
U00435,Peter Shan,peter.shan435@example.com,9688457831,Procurement,Pune,active
U00436,Riya Morar,riya.morar436@example.com,5642400825,HR,Hyderabad,active
U00437,Bhavini Singh,bhavini.singh437@example.com,8077406493,Procurement,Chennai,active
U00438,Abhimanyu Prakash,abhimanyu.prakash438@example.com,3686632663,Finance,Delhi,active
U00439,Adya Buch,adya.buch439@example.com,6389448463,IT,Pune,active
U00440,Ekapad Gopal,ekapad.gopal440@example.com,2417974973,Sales,Hyderabad,active
U00441,Ekani Bahl,ekani.bahl441@example.com,2080214427,Procurement,Delhi,active
U00442,Abhiram Kaul,abhiram.kaul442@example.com,1207356475,IT,Hyderabad,active
U00443,Ubika Balay,ubika.balay443@example.com,5120461872,Procurement,Ahmedabad,active
U00444,Rehaan Krishna,rehaan.krishna444@example.com,6013673037,Operations,Ahmedabad,active
U00445,Girindra Verma,girindra.verma445@example.com,3764520881,Procurement,Mumbai,active
U00446,Zehaan Srivastava,zehaan.srivastava446@example.com,4350313650,Sales,Kolkata,active
U00447,Oliver Majumdar,oliver.majumdar447@example.com,9163009792,Finance,Ahmedabad,active
U00448,Kamya Chakraborty,kamya.chakraborty448@example.com,3271950052,Operations,Ahmedabad,active
U00449,Hredhaan Dass,hredhaan.dass449@example.com,7358573065,Operations,Kolkata,active
U00450,Krish Krishna,krish.krishna450@example.com,0778487392,Sales,Chennai,active
U00451,Ijaya Naik,ijaya.naik451@example.com,7498218274,IT,Pune,active
U00452,Adya Peri,adya.peri452@example.com,7086209593,HR,Chennai,active
U00453,Ekani Bhatnagar,ekani.bhatnagar453@example.com,8638782945,Operations,Ahmedabad,active
U00454,Nimrat Nagy,nimrat.nagy454@example.com,1181022031,Procurement,Kolkata,active
U00455,Vedika Handa,vedika.handa455@example.com,1096789940,HR,Hyderabad,active
U00456,Jeevika Kant,jeevika.kant456@example.com,9103717058,Operations,Pune,active
U00457,Ojasvi Pillay,ojasvi.pillay457@example.com,0948014138,Operations,Delhi,active
U00458,Gunbir Chaudhuri,gunbir.chaudhuri458@example.com,3863383928,HR,Pune,active
U00459,Ojasvi Cherian,ojasvi.cherian459@example.com,9576122868,Sales,Hyderabad,active
U00460,Geetika Dugar,geetika.dugar460@example.com,8975585566,HR,Ahmedabad,active
U00461,Ekiya Khosla,ekiya.khosla461@example.com,9836845776,IT,Hyderabad,active
U00462,Aadi Banerjee,aadi.banerjee462@example.com,4908240433,Procurement,Chennai,active
U00463,Divya Bains,divya.bains463@example.com,4888992107,Sales,Ahmedabad,active
U00464,Ishani Dugal,ishani.dugal464@example.com,2459334419,Finance,Ahmedabad,active
U00465,Mugdha Kalla,mugdha.kalla465@example.com,1572791940,Operations,Bangalore,active
U00466,Lakshmi Brar,lakshmi.brar466@example.com,0556613906,Operations,Mumbai,active
U00467,Chatura Mody,chatura.mody467@example.com,8058925832,Sales,Ahmedabad,active
U00468,Chandresh Ramaswamy,chandresh.ramaswamy468@example.com,7998136462,Finance,Ahmedabad,active
U00469,Kevin Nayar,kevin.nayar469@example.com,1790864168,Sales,Hyderabad,active
U00470,Radha De,radha.de470@example.com,2783769389,Sales,Bangalore,active
U00471,Yatin Kibe,yatin.kibe471@example.com,1465911665,Operations,Mumbai,active
U00472,Ijaya Halder,ijaya.halder472@example.com,5590425979,Procurement,Hyderabad,active
U00473,Madhav Sastry,madhav.sastry473@example.com,0335211039,Finance,Kolkata,active
U00474,Manbir Mani,manbir.mani474@example.com,0514770538,Finance,Bangalore,active
U00475,Siddharth Jani,siddharth.jani475@example.com,8848792069,Finance,Ahmedabad,active
U00476,Caleb Kumer,caleb.kumer476@example.com,2043940701,HR,Mumbai,active
U00477,Lipika Madan,lipika.madan477@example.com,5104636815,Procurement,Delhi,active
U00478,Vedhika Wali,vedhika.wali478@example.com,1238780038,HR,Delhi,active
U00479,Dalaja Nath,dalaja.nath479@example.com,7620555438,HR,Ahmedabad,active
U00480,Anya Bhatia,anya.bhatia480@example.com,4608432562,HR,Bangalore,active
U00481,Gagan Raja,gagan.raja481@example.com,8936392649,HR,Mumbai,active
U00482,Forum Sen,forum.sen482@example.com,8232983248,Procurement,Bangalore,active
U00483,Krishna Sani,krishna.sani483@example.com,2925188125,Finance,Mumbai,active
U00484,Madhav Balan,madhav.balan484@example.com,5664742312,HR,Delhi,active
U00485,Qasim Bal,qasim.bal485@example.com,9949993933,Procurement,Chennai,active
U00486,Atharv Parmer,atharv.parmer486@example.com,1728975267,Finance,Delhi,active
U00487,Urvi Devan,urvi.devan487@example.com,2330604633,Sales,Delhi,active
U00488,Samarth Bhatti,samarth.bhatti488@example.com,2797573660,Procurement,Delhi,active
U00489,Lajita Munshi,lajita.munshi489@example.com,6999880817,IT,Ahmedabad,active
U00490,Tanmayi Basak,tanmayi.basak490@example.com,3886086803,Procurement,Ahmedabad,active
U00491,Bishakha Sarraf,bishakha.sarraf491@example.com,6447264908,Operations,Ahmedabad,active
U00492,Lucky Sheth,lucky.sheth492@example.com,7181298266,Procurement,Chennai,active
U00493,Ekiya Seshadri,ekiya.seshadri493@example.com,0279371452,HR,Kolkata,active
U00494,Jatin Chand,jatin.chand494@example.com,1751868926,IT,Chennai,active
U00495,Lajita Bassi,lajita.bassi495@example.com,2592222064,Procurement,Bangalore,active
U00496,Dayamai Sehgal,dayamai.sehgal496@example.com,4212309407,IT,Kolkata,active
U00497,Widisha Tara,widisha.tara497@example.com,8097339776,Finance,Kolkata,active
U00498,Riya Buch,riya.buch498@example.com,,Sales,Chennai,active
U00499,Qasim Divan,qasim.divan499@example.com,0502099451,Sales,Ahmedabad,active
U00500,Chandran Chopra,chandran.chopra500@example.com,6224999827,HR,Kolkata,active
U00501,Jagvi Banik,jagvi.banik501@example.com,1455616814,HR,Mumbai,active
U00502,Urishilla Desai,urishilla.desai502@example.com,1458683390,IT,Hyderabad,active
U00503,Ikbal Wadhwa,ikbal.wadhwa503@example.com,1794695489,Finance,Chennai,active
U00504,Irya Dayal,irya.dayal504@example.com,9978772934,Finance,Ahmedabad,active
U00505,Rishi Agarwal,rishi.agarwal505@example.com,1071396605,Finance,Ahmedabad,active
U00506,Inaya Kala,inaya.kala506@example.com,0344144885,HR,Mumbai,active
U00507,Abeer Comar,abeer.comar507@example.com,5569902355,Finance,Mumbai,active
U00508,Varenya Som,varenya.som508@example.com,0272785760,Operations,Ahmedabad,active
U00509,Chandani Mutti,chandani.mutti509@example.com,8803955124,Procurement,Chennai,active
U00510,Azaan Nori,azaan.nori510@example.com,6829962914,Sales,Kolkata,active
U00511,Divya Balay,divya.balay511@example.com,4617357438,Operations,Pune,active
U00512,Chasmum Gill,chasmum.gill512@example.com,1503178078,Operations,Kolkata,active
U00513,Mitesh Gupta,mitesh.gupta513@example.com,5784521823,Procurement,Ahmedabad,active
U00514,Balhaar Sharaf,balhaar.sharaf514@example.com,6810409157,Procurement,Hyderabad,active
U00515,Chakradhar Chauhan,chakradhar.chauhan515@example.com,8409435334,IT,Pune,active
U00516,Aradhana Walia,aradhana.walia516@example.com,5714224109,IT,Delhi,active
U00517,Yoshita Chaudry,yoshita.chaudry517@example.com,3858542493,HR,Pune,active
U00518,Onveer Bobal,onveer.bobal518@example.com,4958702070,Sales,Pune,active
U00519,Hitesh Rajagopal,hitesh.rajagopal519@example.com,0166299795,HR,Pune,active
U00520,Devika Natarajan,devika.natarajan520@example.com,3817921717,Sales,Mumbai,active
U00521,Dayita Shroff,dayita.shroff521@example.com,7332945625,Finance,Delhi,active
U00522,Ekta Setty,ekta.setty522@example.com,7017157724,Operations,Hyderabad,active
U00523,Ijaya Datta,ijaya.datta523@example.com,8161581487,Operations,Hyderabad,active
U00524,Nandini Sachdev,nandini.sachdev524@example.com,3938276153,Operations,Chennai,active
U00525,Raagini Saran,raagini.saran525@example.com,9583219719,IT,Kolkata,active
U00526,Ubika Nanda,ubika.nanda526@example.com,8172461919,Procurement,Bangalore,active
U00527,Ladli Narang,ladli.narang527@example.com,7013290227,Procurement,Kolkata,active
U00528,Bishakha Ramakrishnan,bishakha.ramakrishnan528@example.com,9973354946,IT,Mumbai,active
U00529,Hemangini Chakraborty,hemangini.chakraborty529@example.com,9098624058,Finance,Mumbai,active
U00530,Chatresh Acharya,chatresh.acharya530@example.com,8514036965,Procurement,Kolkata,active
U00531,Lavanya Ravi,lavanya.ravi531@example.com,6683272386,HR,Bangalore,active
U00532,Jagvi Sahni,jagvi.sahni532@example.com,2422010276,IT,Mumbai,active
U00533,Laban Chad,laban.chad533@example.com,2679692786,Sales,Ahmedabad,active
U00534,Shivani Rajagopalan,shivani.rajagopalan534@example.com,5326909738,HR,Delhi,active
U00535,Amruta Roy,amruta.roy535@example.com,8950097519,Sales,Delhi,active
U00536,Vasatika Buch,vasatika.buch536@example.com,2847818913,HR,Hyderabad,active
U00537,Urmi Brahmbhatt,urmi.brahmbhatt537@example.com,8949058077,Sales,Delhi,active
U00538,Yauvani Singh,yauvani.singh538@example.com,9565442094,Finance,Mumbai,active
U00539,Abha Bhat,abha.bhat539@example.com,7929049047,Operations,Ahmedabad,active
U00540,Fitan Date,fitan.date540@example.com,8144294440,Sales,Delhi,active
U00541,Isaac Ghosh,isaac.ghosh541@example.com,9275243728,Sales,Kolkata,active
U00542,Bachittar Oza,bachittar.oza542@example.com,1292766372,HR,Delhi,active
U00543,Shivansh Pai,shivansh.pai543@example.com,0410276747,IT,Delhi,active
U00544,Vivaan Raghavan,vivaan.raghavan544@example.com,6742860476,HR,Kolkata,active
U00545,Diya Wagle,diya.wagle545@example.com,0185694544,IT,Pune,active
U00546,Guneet Kumer,guneet.kumer546@example.com,9673938525,Procurement,Kolkata,active
U00547,Advaith Anand,advaith.anand547@example.com,1061817534,Procurement,Chennai,active
U00548,Zayan Hans,zayan.hans548@example.com,0091093911,Sales,Delhi,active
U00549,Gabriel De,gabriel.de549@example.com,6921244717,Finance,Delhi,active
U00550,Aradhana Sane,aradhana.sane550@example.com,5421406650,Operations,Kolkata,active
U00551,Aarna Lanka,aarna.lanka551@example.com,2717396271,Procurement,Hyderabad,active
U00552,Maanas Zachariah,maanas.zachariah552@example.com,6391741011,Procurement,Hyderabad,active
U00553,Zashil Sehgal,zashil.sehgal553@example.com,0720064256,Operations,Ahmedabad,active
U00554,Aarush Varma,aarush.varma554@example.com,7766183067,Procurement,Bangalore,active
U00555,Jairaj Wason,invalid-email,5546015851,IT,Chennai,active
U00556,Tripti Mann,tripti.mann556@example.com,3280634615,Procurement,Bangalore,active
U00557,Vidhi Chad,vidhi.chad557@example.com,7320309376,Sales,Delhi,active
U00558,Dev Zachariah,dev.zachariah558@example.com,4787005050,Sales,Mumbai,active
U00559,Nidra Dani,nidra.dani559@example.com,3878293102,Sales,Pune,active
U00560,Vrinda Bahl,vrinda.bahl560@example.com,7903202041,Operations,Hyderabad,active
U00561,Tanmayi Garde,tanmayi.garde561@example.com,9111799313,Finance,Ahmedabad,active
U00562,Pooja Nazareth,pooja.nazareth562@example.com,6519825309,Sales,Chennai,active
U00563,Oscar Nayak,oscar.nayak563@example.com,1142625827,Finance,Mumbai,active
U00564,Yagnesh Baria,yagnesh.baria564@example.com,2196207100,Operations,Delhi,active
U00565,Praneel Chakraborty,praneel.chakraborty565@example.com,9467232487,IT,Kolkata,active
U00566,Nisha Khare,nisha.khare566@example.com,2909279145,IT,Bangalore,active
U00567,Omya Agrawal,omya.agrawal567@example.com,8331819588,Procurement,Chennai,active
U00568,Theodore Shetty,theodore.shetty568@example.com,3403127722,IT,Delhi,active
U00569,Caleb Bhagat,caleb.bhagat569@example.com,5436459701,HR,Delhi,active
U00570,Charles Yogi,charles.yogi570@example.com,2207811379,Sales,Delhi,active
U00571,Eshana Saini,eshana.saini571@example.com,3531531363,Finance,Chennai,active
U00572,Keya Kannan,keya.kannan572@example.com,1797062397,Finance,Ahmedabad,active
U00573,Pranav Ram,pranav.ram573@example.com,5273543520,IT,Mumbai,active
U00574,Darpan Mand,darpan.mand574@example.com,2177625349,Procurement,Kolkata,active
U00575,Naksh Garde,naksh.garde575@example.com,9831687397,Finance,Chennai,active
U00576,Turvi Mallick,turvi.mallick576@example.com,0633569392,Finance,Kolkata,active
U00577,Abdul Sahni,abdul.sahni577@example.com,0078068671,Procurement,Delhi,active
U00578,Sneha Tandon,sneha.tandon578@example.com,3180632543,HR,Pune,active
U00579,Gautam Babu,gautam.babu579@example.com,7427990772,Sales,Chennai,active
U00580,Nidra Goyal,nidra.goyal580@example.com,5701658046,Procurement,Delhi,active
U00581,Anamika Johal,anamika.johal581@example.com,1950850165,Sales,Kolkata,active
U00582,Udyati Baria,udyati.baria582@example.com,5528183253,Finance,Chennai,active
U00583,Ishaan Sridhar,ishaan.sridhar583@example.com,9335548640,HR,Bangalore,active
U00584,Dev Pradhan,dev.pradhan584@example.com,5778817884,Procurement,Hyderabad,active
U00585,Siya Pillai,siya.pillai585@example.com,1371162411,Procurement,Chennai,active
U00586,Nitesh Majumdar,nitesh.majumdar586@example.com,1272380468,Sales,Bangalore,active
U00587,Kevin Som,kevin.som587@example.com,5670431038,Sales,Pune,active
U00588,Gautami Sabharwal,gautami.sabharwal588@example.com,9557988774,Sales,Ahmedabad,active
U00589,Kevin Mohan,kevin.mohan589@example.com,2437540254,Sales,Delhi,active
U00590,Tamanna Ganesan,tamanna.ganesan590@example.com,9284222231,Finance,Kolkata,active
U00591,Benjamin Nadig,benjamin.nadig591@example.com,9274523805,Finance,Mumbai,active
U00592,Hemangini Divan,hemangini.divan592@example.com,5782841067,Operations,Hyderabad,active
U00593,Maanav Shanker,maanav.shanker593@example.com,5208854749,Finance,Ahmedabad,active
U00594,Manan Sathe,manan.sathe594@example.com,5170281406,IT,Pune,active
U00595,Thomas Sehgal,thomas.sehgal595@example.com,5150939834,HR,Mumbai,active
U00596,Rohan Bajaj,rohan.bajaj596@example.com,1871863759,Operations,Ahmedabad,active
U00597,Yasti Bhalla,yasti.bhalla597@example.com,5626565045,Procurement,Kolkata,active
U00598,Indali Morar,indali.morar598@example.com,7813767426,HR,Mumbai,active
U00599,Oeshi Dewan,oeshi.dewan599@example.com,9912347851,HR,Pune,active
U00600,Keya Chakrabarti,keya.chakrabarti600@example.com,0646287923,Operations,Kolkata,active
U00601,Quincy Raj,quincy.raj601@example.com,4870494787,Sales,Hyderabad,active
U00602,Udarsh Bala,udarsh.bala602@example.com,0244714627,IT,Chennai,active
U00603,Yash Balakrishnan,yash.balakrishnan603@example.com,1471959796,HR,Ahmedabad,active
U00604,Aarna Soni,aarna.soni604@example.com,1589042902,Operations,Bangalore,active
U00605,Ekaja Shenoy,ekaja.shenoy605@example.com,2520456504,Sales,Pune,active
U00606,Bishakha Wagle,bishakha.wagle606@example.com,1832192855,Procurement,Chennai,active
U00607,Charvi Madan,charvi.madan607@example.com,5189520284,Finance,Chennai,active
U00608,Kashish Sundaram,kashish.sundaram608@example.com,6521328338,Operations,Kolkata,active
U00609,Ishaan Sahni,ishaan.sahni609@example.com,7112075452,Finance,Bangalore,active
U00610,Riya Virk,riya.virk610@example.com,5240132234,Finance,Ahmedabad,active
U00611,Jeremiah Kadakia,jeremiah.kadakia611@example.com,2161107603,Sales,Bangalore,active
U00612,Hritik Bali,hritik.bali612@example.com,8907140140,Finance,Hyderabad,active
U00613,Gopal Dasgupta,gopal.dasgupta613@example.com,9393250124,IT,Chennai,active
U00614,Ijaya Pandey,ijaya.pandey614@example.com,2893891190,Procurement,Mumbai,active
U00615,Teerth Handa,teerth.handa615@example.com,4280138759,Finance,Bangalore,active
U00616,Qasim Sarraf,qasim.sarraf616@example.com,1256638361,Procurement,Bangalore,active
U00617,Dipta Dasgupta,dipta.dasgupta617@example.com,7182754801,IT,Bangalore,active
U00618,Falak Tak,falak.tak618@example.com,1647947386,IT,Chennai,active
U00619,Bina Sangha,bina.sangha619@example.com,3175207167,Operations,Hyderabad,active
U00620,Frederick Dar,frederick.dar620@example.com,2669121535,IT,Mumbai,active
U00621,Sai Raval,sai.raval621@example.com,1367499465,IT,Delhi,active
U00622,Vamakshi Ravel,vamakshi.ravel622@example.com,7842711477,Sales,Pune,active
U00623,Vihaan Desai,vihaan.desai623@example.com,0101702695,IT,Hyderabad,active
U00624,Michael Mitter,michael.mitter624@example.com,9911877347,Operations,Hyderabad,active
U00625,Vritti Thaman,vritti.thaman625@example.com,4858800616,Procurement,Bangalore,active
U00626,Shivani Murty,shivani.murty626@example.com,6770028427,Finance,Chennai,active
U00627,Raagini Desai,raagini.desai627@example.com,4671978897,Operations,Mumbai,active
U00628,Vamakshi Dugar,vamakshi.dugar628@example.com,8064796954,IT,Hyderabad,active
U00629,Ekani Bhat,ekani.bhat629@example.com,0902559056,Procurement,Kolkata,active
U00630,Gunbir Sangha,gunbir.sangha630@example.com,5565033349,Sales,Pune,active
U00631,Frado Bhatti,frado.bhatti631@example.com,,HR,Pune,active
U00632,Yutika Sama,yutika.sama632@example.com,4079056965,Operations,Ahmedabad,active
U00633,Guneet Suresh,guneet.suresh633@example.com,1357852945,HR,Pune,active
U00634,Rajata Jaggi,rajata.jaggi634@example.com,7183440496,Procurement,Bangalore,active
U00635,Upkaar Chanda,upkaar.chanda635@example.com,9195419876,Sales,Hyderabad,active
U00636,Shaurya Palan,shaurya.palan636@example.com,1484685366,HR,Delhi,active
U00637,Zayan Varma,zayan.varma637@example.com,7820829737,Finance,Hyderabad,active
U00638,Amrita Walia,amrita.walia638@example.com,9690835723,HR,Ahmedabad,active
U00639,Matthew Mital,matthew.mital639@example.com,6651364424,Sales,Kolkata,active
U00640,Warinder Ravi,warinder.ravi640@example.com,3123034778,HR,Pune,active
U00641,Rajata Sami,rajata.sami641@example.com,0324204482,Finance,Ahmedabad,active
U00642,Brijesh Sunder,brijesh.sunder642@example.com,0015941651,Operations,Pune,active
U00643,Mekhala Dey,mekhala.dey643@example.com,3198189847,Finance,Mumbai,active
U00644,Gautam Khanna,gautam.khanna644@example.com,9155963632,Operations,Mumbai,active
U00645,Hredhaan Gill,hredhaan.gill645@example.com,3476490785,HR,Chennai,active
U00646,Isaiah Nadig,isaiah.nadig646@example.com,8673425754,HR,Delhi,active
U00647,Ansh Banerjee,ansh.banerjee647@example.com,0348645183,Finance,Kolkata,active
U00648,Saanvi Rama,saanvi.rama648@example.com,0644134327,Sales,Pune,active
U00649,Edhitha Ray,edhitha.ray649@example.com,0417765612,HR,Bangalore,active
U00650,Advika Toor,advika.toor650@example.com,1569857002,IT,Ahmedabad,active
U00651,Sachi Deshpande,sachi.deshpande651@example.com,0634591123,Operations,Kolkata,active
U00652,Zaitra De,zaitra.de652@example.com,9657724295,HR,Ahmedabad,active
U00653,Baghyawati Issac,baghyawati.issac653@example.com,1652669300,Sales,Kolkata,active
U00654,Veer Chakraborty,veer.chakraborty654@example.com,7342069694,Operations,Pune,active
U00655,Manthan Chakraborty,manthan.chakraborty655@example.com,5291086771,Operations,Kolkata,active
U00656,Udarsh Jani,udarsh.jani656@example.com,3447626393,Operations,Delhi,active
U00657,Barkha Gulati,barkha.gulati657@example.com,6262044397,Sales,Mumbai,active
U00658,Yuvraj Pingle,yuvraj.pingle658@example.com,9710725636,Finance,Ahmedabad,active
U00659,Pallavi Kunda,pallavi.kunda659@example.com,1180053759,Finance,Pune,active
U00660,Chakradev Ahluwalia,chakradev.ahluwalia660@example.com,4896465280,HR,Pune,active
U00661,Praneel Lad,praneel.lad661@example.com,2875721586,Sales,Pune,active
U00662,Lucky Lad,lucky.lad662@example.com,1502745644,IT,Chennai,active
U00663,Aishani Varughese,aishani.varughese663@example.com,5625728703,Procurement,Hyderabad,active
U00664,Manthan Bhagat,manthan.bhagat664@example.com,3207427617,Sales,Chennai,active
U00665,Banjeet Sathe,banjeet.sathe665@example.com,5877712151,HR,Pune,active
U00666,Samar Mander,samar.mander666@example.com,2284993908,Sales,Chennai,active
U00667,Pranit Saha,pranit.saha667@example.com,1371504165,Sales,Kolkata,active
U00668,Hitesh Naik,hitesh.naik668@example.com,2017774905,Operations,Hyderabad,active
U00669,Caleb Sethi,caleb.sethi669@example.com,5923045018,Operations,Delhi,active
U00670,Lakshmi Chanda,lakshmi.chanda670@example.com,6423610326,Procurement,Pune,active
U00671,Neha Mane,neha.mane671@example.com,2147649251,IT,Bangalore,active
U00672,Jhalak Vala,jhalak.vala672@example.com,3776749961,IT,Ahmedabad,active
U00673,Pahal Pillay,pahal.pillay673@example.com,9266108573,Operations,Pune,active
U00674,Mohammed Tandon,mohammed.tandon674@example.com,8814761742,Finance,Chennai,active
U00675,Joshua Mital,joshua.mital675@example.com,3864908108,Procurement,Delhi,active
U00676,Hritik Uppal,hritik.uppal676@example.com,6617945491,HR,Bangalore,active
U00677,Yahvi Babu,yahvi.babu677@example.com,1722601645,Procurement,Hyderabad,active
U00678,Suhani Sengupta,suhani.sengupta678@example.com,9452321941,Finance,Delhi,active
U00679,Radha Warrior,radha.warrior679@example.com,0061027769,Operations,Mumbai,active
U00680,Vidhi Mitter,vidhi.mitter680@example.com,9956412203,Operations,Delhi,active
U00681,Isaac Babu,isaac.babu681@example.com,3037236831,Finance,Chennai,active
U00682,Charvi Sheth,charvi.sheth682@example.com,2760122777,IT,Mumbai,active
U00683,Anmol Sengupta,anmol.sengupta683@example.com,9334960501,Finance,Kolkata,active
U00684,Rachana Sagar,rachana.sagar684@example.com,7998407678,Sales,Mumbai,active
U00685,Vinaya Kata,vinaya.kata685@example.com,0806958146,Finance,Hyderabad,active
U00686,Urvashi Dada,urvashi.dada686@example.com,7957602437,HR,Bangalore,active
U00687,Hemangini Sarma,hemangini.sarma687@example.com,3839597246,HR,Kolkata,active
U00688,Omaja Parsa,omaja.parsa688@example.com,7293417223,IT,Chennai,active
U00689,Naksh Swamy,naksh.swamy689@example.com,1674338005,Operations,Chennai,active
U00690,Advika Parikh,advika.parikh690@example.com,2280156193,Procurement,Chennai,active
U00691,Jai Kapur,jai.kapur691@example.com,7455084289,Finance,Pune,active
U00692,Hemang Bedi,hemang.bedi692@example.com,7711991808,IT,Mumbai,active
U00693,Henry Ganesh,henry.ganesh693@example.com,1352478712,Sales,Hyderabad,active
U00694,Januja Natt,januja.natt694@example.com,2137603754,Operations,Pune,active
U00695,Yashasvi Garg,yashasvi.garg695@example.com,1456532863,Sales,Ahmedabad,active
U00696,Lakshit Sanghvi,lakshit.sanghvi696@example.com,6678507208,HR,Kolkata,active
U00697,Ekaraj Chad,ekaraj.chad697@example.com,5562606029,HR,Ahmedabad,active
U00698,Dalbir Venkatesh,dalbir.venkatesh698@example.com,4668455048,IT,Delhi,active
U00699,Manan Raval,manan.raval699@example.com,7389975634,Operations,Pune,active
U00700,Frado Bansal,frado.bansal700@example.com,8562884318,Finance,Kolkata,active
U00701,Devika Verma,devika.verma701@example.com,5200894346,Sales,Delhi,active
U00702,Yashasvi Choudhry,yashasvi.choudhry702@example.com,0548510174,Procurement,Ahmedabad,active
U00703,Abdul Setty,abdul.setty703@example.com,5399893544,Finance,Delhi,active
U00704,Logan Purohit,logan.purohit704@example.com,8315893571,HR,Bangalore,active
U00705,Manan Sandal,manan.sandal705@example.com,6110627371,Finance,Hyderabad,active
U00706,Kala Vora,kala.vora706@example.com,6988649767,Operations,Bangalore,active
U00707,Vrishti Saha,vrishti.saha707@example.com,2282772881,IT,Bangalore,active
U00708,Simon Shah,simon.shah708@example.com,7028519611,Operations,Delhi,active
U00709,Kala Mann,kala.mann709@example.com,0821545447,Finance,Chennai,active
U00710,Ayaan Dhar,ayaan.dhar710@example.com,2960443270,HR,Hyderabad,active
U00711,Jason Palla,jason.palla711@example.com,1067949756,IT,Kolkata,active
U00712,Vaishnavi Deo,vaishnavi.deo712@example.com,2877725199,HR,Mumbai,active
U00713,Nimrat Ram,nimrat.ram713@example.com,3658074120,Procurement,Bangalore,active
U00714,Dayamai Dasgupta,dayamai.dasgupta714@example.com,8139890983,Finance,Chennai,active
U00715,Vamakshi Thakkar,vamakshi.thakkar715@example.com,0182043397,Sales,Kolkata,active
U00716,Frado Walla,frado.walla716@example.com,9569070562,HR,Hyderabad,active
U00717,Oeshi Bajwa,oeshi.bajwa717@example.com,8564111824,HR,Hyderabad,active
U00718,Maanas Goswami,maanas.goswami718@example.com,4124620952,Operations,Pune,active
U00719,Avi Bhardwaj,avi.bhardwaj719@example.com,4615265461,Procurement,Kolkata,active
U00720,Charles Jain,charles.jain720@example.com,3993788614,Sales,Kolkata,active
U00721,Darsh Nadkarni,darsh.nadkarni721@example.com,7861706304,Operations,Kolkata,active
U00722,Harrison Koshy,harrison.koshy722@example.com,8249671832,HR,Pune,active
U00723,Kashvi Zachariah,kashvi.zachariah723@example.com,2386870079,Operations,Hyderabad,active
U00724,Bimala Ganesh,bimala.ganesh724@example.com,0074946539,Procurement,Mumbai,active
U00725,Yashvi Manda,yashvi.manda725@example.com,0289141612,Sales,Ahmedabad,active
U00726,Ati Sankaran,ati.sankaran726@example.com,3985547435,Finance,Chennai,active
U00727,Harita Kade,harita.kade727@example.com,7950209700,Finance,Kolkata,active
U00728,Oscar Sachdev,oscar.sachdev728@example.com,8768118071,HR,Bangalore,active
U00729,Ira Puri,ira.puri729@example.com,9562017537,Procurement,Kolkata,active
U00730,Aditya Kant,aditya.kant730@example.com,0453194337,HR,Pune,active
U00731,Janani Bansal,janani.bansal731@example.com,4793036149,Sales,Delhi,active
U00732,Xiti Tak,xiti.tak732@example.com,2839992192,IT,Chennai,active
U00733,Dhruv Datta,dhruv.datta733@example.com,4938430894,IT,Chennai,active
U00734,Sudiksha Agate,sudiksha.agate734@example.com,6056641877,Procurement,Pune,active
U00735,Janaki Varughese,janaki.varughese735@example.com,0304687506,Procurement,Pune,active
U00736,Robert Natt,robert.natt736@example.com,1903613325,Operations,Bangalore,active
U00737,Deepa Bhatnagar,deepa.bhatnagar737@example.com,1076095431,Sales,Chennai,active
U00738,Urvashi Khare,urvashi.khare738@example.com,5058319971,IT,Mumbai,active
U00739,Sanya Dash,sanya.dash739@example.com,1006512070,IT,Pune,active
U00740,Charvi Sankaran,charvi.sankaran740@example.com,,IT,Delhi,active
U00741,Nirja Kaul,nirja.kaul741@example.com,9907676991,Procurement,Mumbai,active
U00742,Harinakshi Bal,harinakshi.bal742@example.com,7859311091,Sales,Mumbai,active
U00743,Rishi Date,rishi.date743@example.com,8456797232,IT,Pune,active
U00744,Chaitanya Bhasin,chaitanya.bhasin744@example.com,2496854982,HR,Ahmedabad,active
U00745,Manan Singh,manan.singh745@example.com,4954508920,Sales,Ahmedabad,active
U00746,Wazir Tripathi,wazir.tripathi746@example.com,8065333153,Sales,Chennai,active
U00747,Vamakshi Sibal,vamakshi.sibal747@example.com,9599594652,IT,Chennai,active
U00748,Henry Sha,henry.sha748@example.com,0730337933,Finance,Ahmedabad,active
U00749,Vasana Narula,vasana.narula749@example.com,6362050150,HR,Ahmedabad,active
U00750,Ishwar Dhar,ishwar.dhar750@example.com,4739500334,Operations,Delhi,active
U00751,Owen Kanda,owen.kanda751@example.com,4258323024,Operations,Hyderabad,active
U00752,Harrison Bail,harrison.bail752@example.com,2615347355,Operations,Pune,active
U00753,Onveer Vyas,onveer.vyas753@example.com,9611223386,HR,Ahmedabad,active
U00754,Kavya Nadkarni,kavya.nadkarni754@example.com,9630993842,Finance,Hyderabad,active
U00755,Falak Kota,falak.kota755@example.com,0428973179,Operations,Chennai,active
U00756,Dhruv Ganesh,dhruv.ganesh756@example.com,8685787255,Sales,Pune,active
U00757,Vasudha Talwar,vasudha.talwar757@example.com,7496903337,Procurement,Pune,active
U00758,Wahab Randhawa,wahab.randhawa758@example.com,3466925481,HR,Kolkata,active
U00759,Krish Chad,krish.chad759@example.com,4785390789,HR,Hyderabad,active
U00760,Gayathri Sandhu,gayathri.sandhu760@example.com,7766575460,Operations,Bangalore,active
U00761,Praneel Sathe,praneel.sathe761@example.com,3415148881,Procurement,Ahmedabad,active
U00762,Aradhana Kari,aradhana.kari762@example.com,1115083535,Finance,Mumbai,active
U00763,Zashil Mittal,zashil.mittal763@example.com,4392840445,Finance,Ahmedabad,active
U00764,Netra Ravi,netra.ravi764@example.com,9078263337,Sales,Chennai,active
U00765,Vivaan Varty,vivaan.varty765@example.com,9877515366,Procurement,Pune,active
U00766,Shaurya Sarna,shaurya.sarna766@example.com,7805292407,Finance,Mumbai,active
U00767,Isha Nori,isha.nori767@example.com,3666845909,Sales,Bangalore,active
U00768,Azad Dewan,azad.dewan768@example.com,2599996636,HR,Ahmedabad,active
U00769,Devansh Warrior,devansh.warrior769@example.com,6371597412,Operations,Mumbai,active
U00770,Hemang Goel,hemang.goel770@example.com,0970231643,Operations,Chennai,active
U00771,Viraj Manne,viraj.manne771@example.com,8170580256,HR,Kolkata,active
U00772,Mahika Dugar,mahika.dugar772@example.com,1286716323,Sales,Chennai,active
U00773,Dayita Sankaran,dayita.sankaran773@example.com,7299493874,Sales,Hyderabad,active
U00774,Saksham Amble,saksham.amble774@example.com,2716938597,Finance,Chennai,active
U00775,Triveni Shere,triveni.shere775@example.com,9014754692,Finance,Chennai,active
U00776,Ojasvi Krish,ojasvi.krish776@example.com,2967629160,Operations,Kolkata,active
U00777,Wriddhish Dugar,wriddhish.dugar777@example.com,4841376815,Sales,Delhi,active
U00778,Faraj Cheema,faraj.cheema778@example.com,8567243807,Operations,Mumbai,active
U00779,Avi Bora,avi.bora779@example.com,7656360041,Procurement,Pune,active
U00780,Laban Narain,laban.narain780@example.com,7771183727,Operations,Mumbai,active
U00781,Arya Edwin,arya.edwin781@example.com,2091241862,Sales,Delhi,active
U00782,Faras Apte,faras.apte782@example.com,4275230837,IT,Kolkata,active
U00783,Champak Virk,champak.virk783@example.com,1647090063,Operations,Pune,active
U00784,Zaid Prasad,zaid.prasad784@example.com,3310600531,Sales,Kolkata,active
U00785,Thomas Char,thomas.char785@example.com,2206815583,IT,Chennai,active
U00786,Sarthak Rana,sarthak.rana786@example.com,6133155206,Sales,Pune,active
U00787,Diya Arora,diya.arora787@example.com,6373149501,Procurement,Kolkata,active
U00788,Tejas Roy,tejas.roy788@example.com,4971892419,Finance,Chennai,active
U00789,Ekta Rama,ekta.rama789@example.com,2525715099,Operations,Chennai,active
U00790,Saumya Raja,saumya.raja790@example.com,8389030914,IT,Mumbai,active
U00791,Warjas Sangha,warjas.sangha791@example.com,3910257432,HR,Chennai,active
U00792,Keya Jayaraman,keya.jayaraman792@example.com,0397524508,IT,Bangalore,active
U00793,Oeshi Mani,oeshi.mani793@example.com,0355338033,IT,Mumbai,active
U00794,Lakshmi Verma,lakshmi.verma794@example.com,5270171302,Operations,Pune,active
U00795,Samarth Dass,samarth.dass795@example.com,1298338167,Procurement,Pune,active
U00796,Deepa Gala,deepa.gala796@example.com,3362934497,Sales,Hyderabad,active
U00797,Saksham Magar,saksham.magar797@example.com,7156627768,Procurement,Chennai,active
U00798,Rachita Dugal,rachita.dugal798@example.com,7066149828,Procurement,Mumbai,active
U00799,Parth Kurian,parth.kurian799@example.com,6747468971,IT,Kolkata,active
U00800,Gauri Deshpande,gauri.deshpande800@example.com,7323008576,IT,Mumbai,active
U00801,Ojasvi Rana,ojasvi.rana801@example.com,5674916016,Sales,Mumbai,active
U00802,Nicholas Hari,nicholas.hari802@example.com,6458750663,Finance,Ahmedabad,active
U00803,Xavier Sridhar,xavier.sridhar803@example.com,0502497243,Operations,Kolkata,active
U00804,Neel Arora,neel.arora804@example.com,1166918362,HR,Bangalore,active
U00805,Prisha Krishnan,prisha.krishnan805@example.com,4886946119,Sales,Delhi,active
U00806,Hemangini Dhar,hemangini.dhar806@example.com,4364027011,IT,Ahmedabad,active
U00807,Omisha Vohra,omisha.vohra807@example.com,6462252237,Operations,Bangalore,active
U00808,Qabil Thakkar,qabil.thakkar808@example.com,1793230234,IT,Ahmedabad,active
U00809,Nilima Sastry,nilima.sastry809@example.com,9121416141,Sales,Chennai,active
U00810,Hema Balan,hema.balan810@example.com,9377100409,HR,Ahmedabad,active
U00811,Benjamin Chatterjee,benjamin.chatterjee811@example.com,3806984775,HR,Delhi,active
U00812,Pushti Nayar,pushti.nayar812@example.com,5553566905,IT,Kolkata,active
U00813,Ganga Chaudhry,ganga.chaudhry813@example.com,0762091843,Procurement,Bangalore,active
U00814,Jyoti Seth,jyoti.seth814@example.com,9786305050,Operations,Mumbai,active
U00815,Eshana Sawhney,eshana.sawhney815@example.com,3976915671,Sales,Hyderabad,active
U00816,Lekha Memon,lekha.memon816@example.com,9328980271,Operations,Ahmedabad,active
U00817,Charvi Sibal,charvi.sibal817@example.com,2717833321,Sales,Pune,active
U00818,Hitesh Saran,hitesh.saran818@example.com,0256434712,Operations,Pune,active
U00819,Vyanjana Chana,vyanjana.chana819@example.com,5399156686,IT,Pune,active
U00820,Viraj Kapoor,viraj.kapoor820@example.com,4141115931,HR,Delhi,active
U00821,Jhalak Datta,jhalak.datta821@example.com,5690409836,HR,Mumbai,active
U00822,Pallavi Nagarajan,pallavi.nagarajan822@example.com,5289931608,IT,Pune,active
U00823,Triveni Mutti,triveni.mutti823@example.com,2437729420,Operations,Ahmedabad,active
U00824,Ekaja More,ekaja.more824@example.com,8149737460,HR,Hyderabad,active
U00825,Gauri Dua,gauri.dua825@example.com,3302764208,HR,Hyderabad,active
U00826,Manya Nazareth,manya.nazareth826@example.com,6756618443,IT,Chennai,active
U00827,Meera Chatterjee,meera.chatterjee827@example.com,2590472927,Finance,Kolkata,active
U00828,Vasudha Manne,vasudha.manne828@example.com,2333059126,IT,Chennai,active
U00829,Prisha Ganguly,prisha.ganguly829@example.com,0157201859,Operations,Hyderabad,active
U00830,Radha Dixit,radha.dixit830@example.com,6301367492,Sales,Pune,active
U00831,Keya Chakraborty,keya.chakraborty831@example.com,7647501111,IT,Chennai,active
U00832,Vrinda Upadhyay,vrinda.upadhyay832@example.com,3099974192,Finance,Mumbai,active
U00833,Leena Sule,leena.sule833@example.com,6492151826,HR,Delhi,active
U00834,Anmol Ramesh,anmol.ramesh834@example.com,8887189813,Sales,Mumbai,active
U00835,Jacob Golla,jacob.golla835@example.com,9208751029,HR,Ahmedabad,active
U00836,Samuel Edwin,samuel.edwin836@example.com,1840118458,Finance,Hyderabad,active
U00837,Onveer Sampath,onveer.sampath837@example.com,0340848729,Operations,Hyderabad,active
U00838,Vritti Munshi,vritti.munshi838@example.com,8598831030,IT,Bangalore,active
U00839,Raghav Dhar,raghav.dhar839@example.com,4329839542,Finance,Kolkata,active
U00840,Pahal Borde,pahal.borde840@example.com,8446267146,IT,Delhi,active
U00841,Luke Wason,luke.wason841@example.com,3143598926,Finance,Delhi,active
U00842,Mitesh Mutti,mitesh.mutti842@example.com,6609314181,IT,Hyderabad,active
U00843,Niharika Bhatti,niharika.bhatti843@example.com,5155423401,Sales,Kolkata,active
U00844,Krishna Kapadia,krishna.kapadia844@example.com,6112849718,Finance,Ahmedabad,active
U00845,Ikshita Manda,ikshita.manda845@example.com,8491025625,HR,Pune,active
U00846,Neha Sood,neha.sood846@example.com,9240822269,Sales,Hyderabad,active
U00847,Amara Bera,amara.bera847@example.com,5396727578,Sales,Bangalore,active
U00848,Bhavini Majumdar,bhavini.majumdar848@example.com,6834146511,Operations,Mumbai,active
U00849,Faraj Khatri,faraj.khatri849@example.com,1290148706,Finance,Kolkata,active
U00850,Yashoda Deshpande,yashoda.deshpande850@example.com,7788160930,IT,Chennai,active
U00851,Pavani Warrior,pavani.warrior851@example.com,5389097283,IT,Kolkata,active
U00852,Parth Borde,parth.borde852@example.com,5285067625,Procurement,Pune,active
U00853,Isaiah Nigam,isaiah.nigam853@example.com,3814474430,Finance,Chennai,active
U00854,Meera Kalla,meera.kalla854@example.com,4807970509,HR,Hyderabad,active
U00855,Triveni Narasimhan,triveni.narasimhan855@example.com,4510526501,Finance,Ahmedabad,active
U00856,Raagini Swamy,raagini.swamy856@example.com,3188261702,Operations,Kolkata,active
U00857,Zashil Kara,zashil.kara857@example.com,7654562841,Sales,Delhi,active
U00858,Reva Sarna,reva.sarna858@example.com,2256053134,Operations,Hyderabad,active
U00859,Banjeet Deol,banjeet.deol859@example.com,6650237416,Operations,Pune,active
U00860,Vrinda Tandon,vrinda.tandon860@example.com,2568621102,Sales,Bangalore,active
U00861,Nachiket Padmanabhan,nachiket.padmanabhan861@example.com,8030569067,Procurement,Pune,active
U00862,Bimala Manda,bimala.manda862@example.com,7163928234,IT,Chennai,active
U00863,Ishwar Lall,ishwar.lall863@example.com,3637189239,Operations,Hyderabad,active
U00864,Manthan Karnik,manthan.karnik864@example.com,1260432609,Sales,Chennai,active
U00865,Ryan Chand,ryan.chand865@example.com,0668433567,Sales,Mumbai,active
U00866,Darsh Uppal,darsh.uppal866@example.com,6041454563,Sales,Ahmedabad,active
U00867,Ekaja Batta,ekaja.batta867@example.com,2000534749,Sales,Ahmedabad,active
U00868,Harrison Sankar,harrison.sankar868@example.com,2475541108,IT,Mumbai,active
U00869,Kalpit Narula,kalpit.narula869@example.com,5598953439,Sales,Pune,active
U00870,Leena Chahal,leena.chahal870@example.com,1291093371,Finance,Ahmedabad,active
U00871,Falan Oza,falan.oza871@example.com,4738202368,IT,Delhi,active
U00872,Zayyan Palan,zayyan.palan872@example.com,5716176880,IT,Hyderabad,active
U00873,Ojas Mahal,ojas.mahal873@example.com,2409036788,Operations,Hyderabad,active
U00874,Falan Gandhi,invalid-email,7868669432,Procurement,Delhi,active
U00875,Aarush Dutta,aarush.dutta875@example.com,9390878844,Procurement,Kolkata,active
U00876,Thomas Minhas,thomas.minhas876@example.com,4812308340,Operations,Ahmedabad,active
U00877,Manbir Mall,manbir.mall877@example.com,2403381059,Sales,Hyderabad,active
U00878,Jyoti Nair,jyoti.nair878@example.com,1842694500,Operations,Bangalore,active
U00879,Ishani Kanda,ishani.kanda879@example.com,4240891649,Finance,Chennai,active
U00880,Samuel Sathe,samuel.sathe880@example.com,3543962736,Operations,Chennai,active
U00881,Jyoti Divan,jyoti.divan881@example.com,7172722397,Operations,Pune,active
U00882,Pranit Manda,pranit.manda882@example.com,0422693121,HR,Kolkata,active
U00883,Pooja Korpal,pooja.korpal883@example.com,7618209166,HR,Ahmedabad,active
U00884,Ansh Choudhary,ansh.choudhary884@example.com,0023142900,IT,Chennai,active
U00885,Hitesh Nigam,hitesh.nigam885@example.com,1327972457,Sales,Ahmedabad,active
U00886,Mohammed Kohli,mohammed.kohli886@example.com,0848100184,Operations,Ahmedabad,active
U00887,Harshil Vaidya,harshil.vaidya887@example.com,6203036625,Finance,Delhi,active
U00888,Bhavini Kara,bhavini.kara888@example.com,6172131451,Finance,Kolkata,active
U00889,Gauri Dani,gauri.dani889@example.com,5109226859,Procurement,Kolkata,active
U00890,Pratyush Sandal,pratyush.sandal890@example.com,2494514754,Procurement,Mumbai,active
U00891,Faraj Agate,faraj.agate891@example.com,2252677119,Operations,Delhi,active
U00892,Prisha Mallick,prisha.mallick892@example.com,2152265576,Finance,Pune,active
U00893,Vasana Sachdev,vasana.sachdev893@example.com,9523668788,Sales,Chennai,active
U00894,Waida Walia,waida.walia894@example.com,8361968931,Operations,Delhi,active
U00895,Wahab Pathak,wahab.pathak895@example.com,0305872105,Procurement,Ahmedabad,active
U00896,Jalsa Dewan,jalsa.dewan896@example.com,4728633302,IT,Kolkata,active
U00897,Jacob Dhar,jacob.dhar897@example.com,6065019179,Operations,Ahmedabad,active
U00898,Nakul Balan,nakul.balan898@example.com,2521310962,Finance,Ahmedabad,active
U00899,Qabil Singhal,qabil.singhal899@example.com,2847657041,Procurement,Chennai,active
U00900,Nachiket Bhasin,nachiket.bhasin900@example.com,0928206678,Operations,Kolkata,active
U00901,Aarna Thaker,aarna.thaker901@example.com,4362418623,Finance,Hyderabad,active
U00902,Nandini Bhalla,nandini.bhalla902@example.com,3628917756,Operations,Kolkata,active
U00903,Lajita Gala,lajita.gala903@example.com,0563411159,Finance,Mumbai,active
U00904,Gautami Bala,gautami.bala904@example.com,3428113904,Procurement,Mumbai,active
U00905,Raghav Jaggi,raghav.jaggi905@example.com,0341990970,Finance,Ahmedabad,active
U00906,Chanakya Murty,chanakya.murty906@example.com,1405468356,Finance,Mumbai,active
U00907,Ishani Dayal,ishani.dayal907@example.com,1568182096,Sales,Bangalore,active
U00908,Vansha Barad,vansha.barad908@example.com,4227113322,Operations,Chennai,active
U00909,Yachana Varty,yachana.varty909@example.com,9857254596,Procurement,Kolkata,active
U00910,Balveer Ram,balveer.ram910@example.com,3399129710,Procurement,Hyderabad,active
U00911,Luke More,luke.more911@example.com,8171752421,Sales,Mumbai,active
U00912,Ati Patla,ati.patla912@example.com,5112747472,Operations,Ahmedabad,active
U00913,Jatin Sura,jatin.sura913@example.com,0546692758,HR,Chennai,active
U00914,Dipta Prakash,dipta.prakash914@example.com,1687409038,Procurement,Pune,active
U00915,Abhiram Dubey,abhiram.dubey915@example.com,1462961367,Procurement,Mumbai,active
U00916,Girik Palla,girik.palla916@example.com,7787112166,HR,Chennai,active
U00917,Ryan Ratti,ryan.ratti917@example.com,5155973714,Sales,Chennai,active
U00918,Suhani Barad,suhani.barad918@example.com,8272359096,IT,Delhi,active
U00919,David Pathak,david.pathak919@example.com,6730306442,Finance,Pune,active
U00920,Fiyaz Dhar,fiyaz.dhar920@example.com,1461476834,HR,Mumbai,active
U00921,Qarin Bhagat,qarin.bhagat921@example.com,1654235677,Procurement,Kolkata,active
U00922,Naveen Sarkar,naveen.sarkar922@example.com,5960893199,Operations,Pune,active
U00923,Maanav Naik,maanav.naik923@example.com,5027275164,Sales,Delhi,active
U00924,Aarush Seshadri,aarush.seshadri924@example.com,,IT,Ahmedabad,active
U00925,Krishna Kalita,krishna.kalita925@example.com,5339055044,Sales,Delhi,active
U00926,Yadavi Dash,yadavi.dash926@example.com,7766558685,IT,Ahmedabad,active
U00927,Ishaan Goda,ishaan.goda927@example.com,7652892866,IT,Pune,active
U00928,Bhavani Sarkar,bhavani.sarkar928@example.com,4911110961,HR,Pune,active
U00929,Watika Chaudhry,watika.chaudhry929@example.com,7890463378,Sales,Mumbai,active
U00930,Lakshmi Contractor,lakshmi.contractor930@example.com,3715766053,Finance,Ahmedabad,active
U00931,Yashica Mander,yashica.mander931@example.com,4446306000,Sales,Chennai,active
U00932,Mitesh Prasad,mitesh.prasad932@example.com,8955296386,Sales,Chennai,active
U00933,Reyansh Ramaswamy,reyansh.ramaswamy933@example.com,0962626582,Procurement,Pune,active
U00934,Rajeshri Kashyap,rajeshri.kashyap934@example.com,1281964825,Operations,Delhi,active
U00935,Samar Chander,samar.chander935@example.com,1060920981,Sales,Mumbai,active
U00936,Lavanya Bakshi,lavanya.bakshi936@example.com,2752334383,Operations,Mumbai,active
U00937,Kritika Lad,kritika.lad937@example.com,0412091179,Finance,Bangalore,active
U00938,Jason Chhabra,jason.chhabra938@example.com,2442117536,IT,Bangalore,active
U00939,Harrison Swaminathan,harrison.swaminathan939@example.com,0617136657,HR,Bangalore,active
U00940,Naveen Gole,naveen.gole940@example.com,4029901557,Operations,Hyderabad,active
U00941,Abdul Dutt,abdul.dutt941@example.com,8413908088,HR,Chennai,active
U00942,Michael Kalita,michael.kalita942@example.com,5130523124,Procurement,Mumbai,active
U00943,Anusha Subramaniam,anusha.subramaniam943@example.com,3158477686,Finance,Pune,active
U00944,Reyansh Krishna,reyansh.krishna944@example.com,2346199423,HR,Delhi,active
U00945,Vinaya Sant,vinaya.sant945@example.com,7694591966,Procurement,Ahmedabad,active
U00946,Ryan Pandit,ryan.pandit946@example.com,5172084964,HR,Kolkata,active
U00947,Indira Rao,indira.rao947@example.com,0125625313,IT,Pune,active
U00948,Kamya Prabhu,kamya.prabhu948@example.com,2510505379,Sales,Chennai,active
U00949,Ekanta Kaul,ekanta.kaul949@example.com,8164938318,HR,Pune,active
U00950,Arunima Borde,arunima.borde950@example.com,9665533077,Sales,Ahmedabad,active
U00951,Chakradhar Maharaj,chakradhar.maharaj951@example.com,6117295963,IT,Chennai,active
U00952,Ansh Mane,ansh.mane952@example.com,0907426088,IT,Mumbai,active
U00953,Balveer Nazareth,balveer.nazareth953@example.com,,Procurement,Kolkata,active
U00954,Fariq Munshi,fariq.munshi954@example.com,7906477159,Finance,Hyderabad,active
U00955,Harshil Balakrishnan,harshil.balakrishnan955@example.com,3002156321,Operations,Mumbai,active
U00956,Rayaan Pillay,rayaan.pillay956@example.com,8004010414,IT,Mumbai,active
U00957,Forum Raghavan,forum.raghavan957@example.com,4229712529,Sales,Chennai,active
U00958,Odika Sekhon,odika.sekhon958@example.com,1883977457,Operations,Bangalore,active
U00959,Upkaar Chanda,upkaar.chanda959@example.com,4415833117,Finance,Delhi,active
U00960,Darpan Kala,darpan.kala960@example.com,0376371539,IT,Delhi,active
U00961,Yoshita Munshi,yoshita.munshi961@example.com,4728123567,IT,Delhi,active
U00962,Yochana Jain,yochana.jain962@example.com,6314624912,Procurement,Delhi,active
U00963,Triya Chhabra,triya.chhabra963@example.com,1307240787,Procurement,Pune,active
U00964,Indira Lanka,indira.lanka964@example.com,1815632686,Procurement,Mumbai,active
U00965,Yashoda Nath,yashoda.nath965@example.com,0745106634,IT,Mumbai,active
U00966,Ranbir Rau,ranbir.rau966@example.com,2948978610,Procurement,Chennai,active
U00967,Yuvraj Choudhry,yuvraj.choudhry967@example.com,3100943181,Finance,Hyderabad,active
U00968,Anya Kara,anya.kara968@example.com,9666134732,Finance,Pune,active
U00969,Samar Palan,samar.palan969@example.com,4940128974,Sales,Delhi,active
U00970,William Garde,william.garde970@example.com,5122572076,Procurement,Bangalore,active
U00971,Gaurika Bail,gaurika.bail971@example.com,2412095790,Procurement,Kolkata,active
U00972,Vrinda Kota,vrinda.kota972@example.com,7100943882,HR,Hyderabad,active
U00973,Manan Chandra,manan.chandra973@example.com,1457758474,Sales,Delhi,active
U00974,Janya Shanker,janya.shanker974@example.com,0545897148,HR,Delhi,active
U00975,Ansh Divan,ansh.divan975@example.com,6325703965,Sales,Bangalore,active
U00976,Samuel Chakraborty,samuel.chakraborty976@example.com,,Operations,Kolkata,active
U00977,Garima Raman,garima.raman977@example.com,9644309859,Finance,Ahmedabad,active
U00978,Jason Sant,jason.sant978@example.com,7954107272,IT,Hyderabad,active
U00979,Bimala Gaba,bimala.gaba979@example.com,4741407034,HR,Ahmedabad,active
U00980,Jatin Bera,jatin.bera980@example.com,7406500425,HR,Ahmedabad,active
U00981,Bhanumati Thakkar,bhanumati.thakkar981@example.com,8214236914,Operations,Bangalore,active
U00982,Theodore Balay,theodore.balay982@example.com,7536661449,Operations,Mumbai,active
U00983,Deepa Ghose,deepa.ghose983@example.com,9659234268,Sales,Chennai,active
U00984,Ryan Mitra,ryan.mitra984@example.com,4149782661,HR,Chennai,active
U00985,Lakshit Vyas,lakshit.vyas985@example.com,7585756766,Operations,Mumbai,active
U00986,Triya Bala,triya.bala986@example.com,8061294398,Operations,Pune,active
U00987,Kashvi Datta,kashvi.datta987@example.com,9894062607,HR,Bangalore,active
U00988,Zarna Sharma,zarna.sharma988@example.com,,Operations,Pune,active
U00989,Vasatika Narula,vasatika.narula989@example.com,0198038287,IT,Ahmedabad,active
U00990,Laban Kapoor,laban.kapoor990@example.com,2440793110,Finance,Mumbai,active
U00991,Michael Dara,michael.dara991@example.com,8133170876,Operations,Hyderabad,active
U00992,Christopher Dara,christopher.dara992@example.com,4672384979,Procurement,Kolkata,active
U00993,Jatin Sankaran,invalid-email,2022328837,IT,Kolkata,active
U00994,Varsha Mann,varsha.mann994@example.com,4197546617,Operations,Mumbai,active
U00995,Omaja Sandal,omaja.sandal995@example.com,2047196094,IT,Chennai,active
U00996,Bahadurjit Saxena,bahadurjit.saxena996@example.com,0527740258,HR,Mumbai,active
U00997,Yahvi Kade,yahvi.kade997@example.com,5868122595,HR,Ahmedabad,active
U00998,Tripti Dey,tripti.dey998@example.com,4461767929,HR,Delhi,active
U00999,Yashica Vora,yashica.vora999@example.com,4259959961,Finance,Hyderabad,active
U01000,Chakradev Balan,chakradev.balan1000@example.com,2311775331,Procurement,Kolkata,active
